2025-03-05 13:02:22 [background-preinit] INFO  o.h.validator.internal.util.Version - HV000001: Hibernate Validator 8.0.2.Final
2025-03-05 13:02:23 [restartedMain] INFO  o.s.b.d.e.DevToolsPropertyDefaultsPostProcessor - Devtools property defaults active! Set 'spring.devtools.add-properties' to 'false' to disable
2025-03-05 13:02:23 [restartedMain] INFO  o.s.b.d.e.DevToolsPropertyDefaultsPostProcessor - For additional web related logging consider setting the 'logging.level.web' property to 'DEBUG'
2025-03-05 13:02:27 [restartedMain] INFO  o.s.d.r.c.RepositoryConfigurationDelegate - Bootstrapping Spring Data JPA repositories in DEFAULT mode.
2025-03-05 13:02:27 [restartedMain] INFO  o.s.d.r.c.RepositoryConfigurationDelegate - Finished Spring Data repository scanning in 176 ms. Found 6 JPA repository interfaces.
2025-03-05 13:02:29 [restartedMain] INFO  o.s.b.w.e.tomcat.TomcatWebServer - Tomcat initialized with port 8080 (http)
2025-03-05 13:02:29 [restartedMain] INFO  o.s.b.w.s.c.ServletWebServerApplicationContext - Root WebApplicationContext: initialization completed in 6131 ms
2025-03-05 13:02:29 [restartedMain] INFO  o.h.jpa.internal.util.LogHelper - HHH000204: Processing PersistenceUnitInfo [name: default]
2025-03-05 13:02:30 [restartedMain] INFO  org.hibernate.Version - HHH000412: Hibernate ORM core version 6.6.5.Final
2025-03-05 13:02:30 [restartedMain] INFO  o.h.c.i.RegionFactoryInitiator - HHH000026: Second-level cache disabled
2025-03-05 13:02:30 [restartedMain] INFO  o.s.o.j.p.SpringPersistenceUnitInfo - No LoadTimeWeaver setup: ignoring JPA class transformer
2025-03-05 13:02:31 [restartedMain] WARN  org.hibernate.orm.deprecation - HHH90000025: PostgreSQLDialect does not need to be specified explicitly using 'hibernate.dialect' (remove the property setting and it will be selected by default)
2025-03-05 13:02:31 [restartedMain] INFO  o.hibernate.orm.connections.pooling - HHH10001005: Database info:
	Database JDBC URL [Connecting through datasource 'HikariDataSource (HikariPool-1)']
	Database driver: undefined/unknown
	Database version: 16.1
	Autocommit mode: undefined/unknown
	Isolation level: undefined/unknown
	Minimum pool size: undefined/unknown
	Maximum pool size: undefined/unknown
2025-03-05 13:02:32 [restartedMain] INFO  o.h.id.enhanced.TableGenerator - HHH000398: Explicit segment value for id generator [hibernate_sequences.sequence_name] suggested; using default [default]
2025-03-05 13:02:33 [restartedMain] INFO  o.h.e.t.j.p.i.JtaPlatformInitiator - HHH000489: No JTA platform available (set 'hibernate.transaction.jta.platform' to enable JTA platform integration)
2025-03-05 13:02:34 [restartedMain] INFO  o.s.o.j.LocalContainerEntityManagerFactoryBean - Initialized JPA EntityManagerFactory for persistence unit 'default'
2025-03-05 13:02:35 [restartedMain] WARN  o.s.b.a.o.j.JpaBaseConfiguration$JpaWebConfiguration - spring.jpa.open-in-view is enabled by default. Therefore, database queries may be performed during view rendering. Explicitly configure spring.jpa.open-in-view to disable this warning
2025-03-05 13:02:35 [restartedMain] INFO  o.s.s.p.JdbcUserDetailsManager - No authentication manager set. Reauthentication of users when changing passwords will not be performed.
2025-03-05 13:02:35 [restartedMain] INFO  o.s.s.c.a.a.c.InitializeUserDetailsBeanManagerConfigurer$InitializeUserDetailsManagerConfigurer - Global AuthenticationManager configured with UserDetailsService bean with name userDetailsManager
2025-03-05 13:02:36 [restartedMain] INFO  o.s.b.d.a.OptionalLiveReloadServer - LiveReload server is running on port 35729
2025-03-05 13:02:36 [restartedMain] INFO  o.s.b.w.e.tomcat.TomcatWebServer - Tomcat started on port 8080 (http) with context path '/'
2025-03-05 13:02:45 [http-nio-8080-exec-2] INFO  o.s.web.servlet.DispatcherServlet - Initializing Servlet 'dispatcherServlet'
2025-03-05 13:02:45 [http-nio-8080-exec-2] INFO  o.s.web.servlet.DispatcherServlet - Completed initialization in 1 ms
2025-03-05 13:05:53 [File Watcher] INFO  o.s.b.d.a.LocalDevToolsAutoConfiguration$RestartingClassPathChangeChangedEventListener - Restarting due to 1 class path change (0 additions, 1 deletion, 0 modifications)
2025-03-05 13:05:53 [Thread-5] INFO  o.s.b.w.e.tomcat.GracefulShutdown - Commencing graceful shutdown. Waiting for active requests to complete
2025-03-05 13:05:53 [tomcat-shutdown] INFO  o.s.b.w.e.tomcat.GracefulShutdown - Graceful shutdown complete
2025-03-05 13:05:54 [Thread-5] INFO  o.s.o.j.LocalContainerEntityManagerFactoryBean - Closing JPA EntityManagerFactory for persistence unit 'default'
2025-03-05 13:05:56 [restartedMain] INFO  o.s.d.r.c.RepositoryConfigurationDelegate - Bootstrapping Spring Data JPA repositories in DEFAULT mode.
2025-03-05 13:05:56 [restartedMain] INFO  o.s.d.r.c.RepositoryConfigurationDelegate - Finished Spring Data repository scanning in 73 ms. Found 6 JPA repository interfaces.
2025-03-05 13:05:57 [restartedMain] INFO  o.s.b.w.e.tomcat.TomcatWebServer - Tomcat initialized with port 8080 (http)
2025-03-05 13:05:57 [restartedMain] INFO  o.s.b.w.s.c.ServletWebServerApplicationContext - Root WebApplicationContext: initialization completed in 2788 ms
2025-03-05 13:05:57 [restartedMain] INFO  o.h.jpa.internal.util.LogHelper - HHH000204: Processing PersistenceUnitInfo [name: default]
2025-03-05 13:05:57 [restartedMain] INFO  o.h.c.i.RegionFactoryInitiator - HHH000026: Second-level cache disabled
2025-03-05 13:05:57 [restartedMain] INFO  o.s.o.j.p.SpringPersistenceUnitInfo - No LoadTimeWeaver setup: ignoring JPA class transformer
2025-03-05 13:05:57 [restartedMain] WARN  org.hibernate.orm.deprecation - HHH90000025: PostgreSQLDialect does not need to be specified explicitly using 'hibernate.dialect' (remove the property setting and it will be selected by default)
2025-03-05 13:05:57 [restartedMain] INFO  o.hibernate.orm.connections.pooling - HHH10001005: Database info:
	Database JDBC URL [Connecting through datasource 'HikariDataSource (HikariPool-2)']
	Database driver: undefined/unknown
	Database version: 16.1
	Autocommit mode: undefined/unknown
	Isolation level: undefined/unknown
	Minimum pool size: undefined/unknown
	Maximum pool size: undefined/unknown
2025-03-05 13:05:57 [restartedMain] INFO  o.h.id.enhanced.TableGenerator - HHH000398: Explicit segment value for id generator [hibernate_sequences.sequence_name] suggested; using default [default]
2025-03-05 13:05:57 [restartedMain] INFO  o.h.e.t.j.p.i.JtaPlatformInitiator - HHH000489: No JTA platform available (set 'hibernate.transaction.jta.platform' to enable JTA platform integration)
2025-03-05 13:05:58 [restartedMain] INFO  o.s.o.j.LocalContainerEntityManagerFactoryBean - Initialized JPA EntityManagerFactory for persistence unit 'default'
2025-03-05 13:05:58 [restartedMain] WARN  o.s.b.w.s.c.AnnotationConfigServletWebServerApplicationContext - Exception encountered during context initialization - cancelling refresh attempt: org.springframework.beans.factory.UnsatisfiedDependencyException: Error creating bean with name 'clientController' defined in file [C:\Users\tianhong.huang\IdeaProjects\location_de_vehicules\target\classes\com\accenture\controller\utilisateur\ClientController.class]: Unsatisfied dependency expressed through constructor parameter 0: No qualifying bean of type 'com.accenture.service.ClientService' available: expected at least 1 bean which qualifies as autowire candidate. Dependency annotations: {}
2025-03-05 13:05:58 [restartedMain] INFO  o.s.o.j.LocalContainerEntityManagerFactoryBean - Closing JPA EntityManagerFactory for persistence unit 'default'
2025-03-05 13:05:58 [restartedMain] INFO  o.s.b.a.l.ConditionEvaluationReportLogger - 

Error starting ApplicationContext. To display the condition evaluation report re-run your application with 'debug' enabled.
2025-03-05 13:05:58 [restartedMain] ERROR o.s.b.d.LoggingFailureAnalysisReporter - 

***************************
APPLICATION FAILED TO START
***************************

Description:

Parameter 0 of constructor in com.accenture.controller.utilisateur.ClientController required a bean of type 'com.accenture.service.ClientService' that could not be found.


Action:

Consider defining a bean of type 'com.accenture.service.ClientService' in your configuration.

2025-03-05 13:06:07 [restartedMain] INFO  o.s.d.r.c.RepositoryConfigurationDelegate - Bootstrapping Spring Data JPA repositories in DEFAULT mode.
2025-03-05 13:06:07 [restartedMain] INFO  o.s.d.r.c.RepositoryConfigurationDelegate - Finished Spring Data repository scanning in 54 ms. Found 6 JPA repository interfaces.
2025-03-05 13:06:07 [restartedMain] INFO  o.s.b.w.e.tomcat.TomcatWebServer - Tomcat initialized with port 8080 (http)
2025-03-05 13:06:07 [restartedMain] INFO  o.s.b.w.s.c.ServletWebServerApplicationContext - Root WebApplicationContext: initialization completed in 776 ms
2025-03-05 13:06:07 [restartedMain] INFO  o.h.jpa.internal.util.LogHelper - HHH000204: Processing PersistenceUnitInfo [name: default]
2025-03-05 13:06:07 [restartedMain] INFO  o.h.c.i.RegionFactoryInitiator - HHH000026: Second-level cache disabled
2025-03-05 13:06:07 [restartedMain] INFO  o.s.o.j.p.SpringPersistenceUnitInfo - No LoadTimeWeaver setup: ignoring JPA class transformer
2025-03-05 13:06:07 [restartedMain] WARN  org.hibernate.orm.deprecation - HHH90000025: PostgreSQLDialect does not need to be specified explicitly using 'hibernate.dialect' (remove the property setting and it will be selected by default)
2025-03-05 13:06:07 [restartedMain] INFO  o.hibernate.orm.connections.pooling - HHH10001005: Database info:
	Database JDBC URL [Connecting through datasource 'HikariDataSource (HikariPool-3)']
	Database driver: undefined/unknown
	Database version: 16.1
	Autocommit mode: undefined/unknown
	Isolation level: undefined/unknown
	Minimum pool size: undefined/unknown
	Maximum pool size: undefined/unknown
2025-03-05 13:06:08 [restartedMain] INFO  o.h.id.enhanced.TableGenerator - HHH000398: Explicit segment value for id generator [hibernate_sequences.sequence_name] suggested; using default [default]
2025-03-05 13:06:08 [restartedMain] INFO  o.h.e.t.j.p.i.JtaPlatformInitiator - HHH000489: No JTA platform available (set 'hibernate.transaction.jta.platform' to enable JTA platform integration)
2025-03-05 13:06:08 [restartedMain] INFO  o.s.o.j.LocalContainerEntityManagerFactoryBean - Initialized JPA EntityManagerFactory for persistence unit 'default'
2025-03-05 13:06:08 [restartedMain] WARN  o.s.b.a.o.j.JpaBaseConfiguration$JpaWebConfiguration - spring.jpa.open-in-view is enabled by default. Therefore, database queries may be performed during view rendering. Explicitly configure spring.jpa.open-in-view to disable this warning
2025-03-05 13:06:08 [restartedMain] INFO  o.s.s.p.JdbcUserDetailsManager - No authentication manager set. Reauthentication of users when changing passwords will not be performed.
2025-03-05 13:06:08 [restartedMain] INFO  o.s.s.c.a.a.c.InitializeUserDetailsBeanManagerConfigurer$InitializeUserDetailsManagerConfigurer - Global AuthenticationManager configured with UserDetailsService bean with name userDetailsManager
2025-03-05 13:06:09 [restartedMain] INFO  o.s.b.d.a.OptionalLiveReloadServer - LiveReload server is running on port 35729
2025-03-05 13:06:09 [restartedMain] INFO  o.s.b.w.e.tomcat.TomcatWebServer - Tomcat started on port 8080 (http) with context path '/'
2025-03-05 13:06:09 [restartedMain] INFO  o.s.b.d.a.ConditionEvaluationDeltaLoggingListener - Condition evaluation unchanged
2025-03-05 13:06:12 [http-nio-8080-exec-2] INFO  o.s.web.servlet.DispatcherServlet - Initializing Servlet 'dispatcherServlet'
2025-03-05 13:06:12 [http-nio-8080-exec-2] INFO  o.s.web.servlet.DispatcherServlet - Completed initialization in 1 ms
2025-03-05 14:38:19 [SpringApplicationShutdownHook] INFO  o.s.b.w.e.tomcat.GracefulShutdown - Commencing graceful shutdown. Waiting for active requests to complete
2025-03-05 14:38:19 [tomcat-shutdown] INFO  o.s.b.w.e.tomcat.GracefulShutdown - Graceful shutdown complete
2025-03-05 14:38:19 [SpringApplicationShutdownHook] INFO  o.s.o.j.LocalContainerEntityManagerFactoryBean - Closing JPA EntityManagerFactory for persistence unit 'default'
2025-03-05 14:38:49 [background-preinit] INFO  o.h.validator.internal.util.Version - HV000001: Hibernate Validator 8.0.2.Final
2025-03-05 14:38:49 [restartedMain] INFO  o.s.b.d.e.DevToolsPropertyDefaultsPostProcessor - Devtools property defaults active! Set 'spring.devtools.add-properties' to 'false' to disable
2025-03-05 14:38:49 [restartedMain] INFO  o.s.b.d.e.DevToolsPropertyDefaultsPostProcessor - For additional web related logging consider setting the 'logging.level.web' property to 'DEBUG'
2025-03-05 14:38:53 [restartedMain] INFO  o.s.d.r.c.RepositoryConfigurationDelegate - Bootstrapping Spring Data JPA repositories in DEFAULT mode.
2025-03-05 14:38:53 [restartedMain] INFO  o.s.d.r.c.RepositoryConfigurationDelegate - Finished Spring Data repository scanning in 131 ms. Found 6 JPA repository interfaces.
2025-03-05 14:38:54 [restartedMain] INFO  o.s.b.w.e.tomcat.TomcatWebServer - Tomcat initialized with port 8080 (http)
2025-03-05 14:38:54 [restartedMain] INFO  o.s.b.w.s.c.ServletWebServerApplicationContext - Root WebApplicationContext: initialization completed in 4879 ms
2025-03-05 14:38:55 [restartedMain] INFO  o.h.jpa.internal.util.LogHelper - HHH000204: Processing PersistenceUnitInfo [name: default]
2025-03-05 14:38:55 [restartedMain] INFO  org.hibernate.Version - HHH000412: Hibernate ORM core version 6.6.5.Final
2025-03-05 14:38:55 [restartedMain] INFO  o.h.c.i.RegionFactoryInitiator - HHH000026: Second-level cache disabled
2025-03-05 14:38:55 [restartedMain] INFO  o.s.o.j.p.SpringPersistenceUnitInfo - No LoadTimeWeaver setup: ignoring JPA class transformer
2025-03-05 14:38:56 [restartedMain] WARN  org.hibernate.orm.deprecation - HHH90000025: PostgreSQLDialect does not need to be specified explicitly using 'hibernate.dialect' (remove the property setting and it will be selected by default)
2025-03-05 14:38:56 [restartedMain] INFO  o.hibernate.orm.connections.pooling - HHH10001005: Database info:
	Database JDBC URL [Connecting through datasource 'HikariDataSource (HikariPool-1)']
	Database driver: undefined/unknown
	Database version: 16.1
	Autocommit mode: undefined/unknown
	Isolation level: undefined/unknown
	Minimum pool size: undefined/unknown
	Maximum pool size: undefined/unknown
2025-03-05 14:38:56 [restartedMain] INFO  o.h.id.enhanced.TableGenerator - HHH000398: Explicit segment value for id generator [hibernate_sequences.sequence_name] suggested; using default [default]
2025-03-05 14:38:57 [restartedMain] INFO  o.h.e.t.j.p.i.JtaPlatformInitiator - HHH000489: No JTA platform available (set 'hibernate.transaction.jta.platform' to enable JTA platform integration)
2025-03-05 14:38:58 [restartedMain] INFO  o.s.o.j.LocalContainerEntityManagerFactoryBean - Initialized JPA EntityManagerFactory for persistence unit 'default'
2025-03-05 14:38:59 [restartedMain] WARN  o.s.b.a.o.j.JpaBaseConfiguration$JpaWebConfiguration - spring.jpa.open-in-view is enabled by default. Therefore, database queries may be performed during view rendering. Explicitly configure spring.jpa.open-in-view to disable this warning
2025-03-05 14:38:59 [restartedMain] INFO  o.s.s.p.JdbcUserDetailsManager - No authentication manager set. Reauthentication of users when changing passwords will not be performed.
2025-03-05 14:38:59 [restartedMain] INFO  o.s.s.c.a.a.c.InitializeUserDetailsBeanManagerConfigurer$InitializeUserDetailsManagerConfigurer - Global AuthenticationManager configured with UserDetailsService bean with name userDetailsManager
2025-03-05 14:39:00 [restartedMain] INFO  o.s.b.d.a.OptionalLiveReloadServer - LiveReload server is running on port 35729
2025-03-05 14:39:00 [restartedMain] INFO  o.s.b.w.e.tomcat.TomcatWebServer - Tomcat started on port 8080 (http) with context path '/'
2025-03-05 14:39:09 [http-nio-8080-exec-1] INFO  o.s.web.servlet.DispatcherServlet - Initializing Servlet 'dispatcherServlet'
2025-03-05 14:39:09 [http-nio-8080-exec-1] INFO  o.s.web.servlet.DispatcherServlet - Completed initialization in 1 ms
2025-03-05 14:41:47 [SpringApplicationShutdownHook] INFO  o.s.b.w.e.tomcat.GracefulShutdown - Commencing graceful shutdown. Waiting for active requests to complete
2025-03-05 14:41:47 [tomcat-shutdown] INFO  o.s.b.w.e.tomcat.GracefulShutdown - Graceful shutdown complete
2025-03-05 14:41:47 [SpringApplicationShutdownHook] INFO  o.s.o.j.LocalContainerEntityManagerFactoryBean - Closing JPA EntityManagerFactory for persistence unit 'default'
2025-03-05 14:41:55 [background-preinit] INFO  o.h.validator.internal.util.Version - HV000001: Hibernate Validator 8.0.2.Final
2025-03-05 14:41:55 [restartedMain] INFO  o.s.b.d.e.DevToolsPropertyDefaultsPostProcessor - Devtools property defaults active! Set 'spring.devtools.add-properties' to 'false' to disable
2025-03-05 14:41:55 [restartedMain] INFO  o.s.b.d.e.DevToolsPropertyDefaultsPostProcessor - For additional web related logging consider setting the 'logging.level.web' property to 'DEBUG'
2025-03-05 14:41:56 [restartedMain] INFO  o.s.d.r.c.RepositoryConfigurationDelegate - Bootstrapping Spring Data JPA repositories in DEFAULT mode.
2025-03-05 14:41:56 [restartedMain] INFO  o.s.d.r.c.RepositoryConfigurationDelegate - Finished Spring Data repository scanning in 102 ms. Found 6 JPA repository interfaces.
2025-03-05 14:41:57 [restartedMain] INFO  o.s.b.w.e.tomcat.TomcatWebServer - Tomcat initialized with port 8080 (http)
2025-03-05 14:41:58 [restartedMain] INFO  o.s.b.w.s.c.ServletWebServerApplicationContext - Root WebApplicationContext: initialization completed in 2856 ms
2025-03-05 14:41:58 [restartedMain] INFO  o.h.jpa.internal.util.LogHelper - HHH000204: Processing PersistenceUnitInfo [name: default]
2025-03-05 14:41:58 [restartedMain] INFO  org.hibernate.Version - HHH000412: Hibernate ORM core version 6.6.5.Final
2025-03-05 14:41:58 [restartedMain] INFO  o.h.c.i.RegionFactoryInitiator - HHH000026: Second-level cache disabled
2025-03-05 14:41:59 [restartedMain] INFO  o.s.o.j.p.SpringPersistenceUnitInfo - No LoadTimeWeaver setup: ignoring JPA class transformer
2025-03-05 14:41:59 [restartedMain] WARN  org.hibernate.orm.deprecation - HHH90000025: PostgreSQLDialect does not need to be specified explicitly using 'hibernate.dialect' (remove the property setting and it will be selected by default)
2025-03-05 14:41:59 [restartedMain] INFO  o.hibernate.orm.connections.pooling - HHH10001005: Database info:
	Database JDBC URL [Connecting through datasource 'HikariDataSource (HikariPool-1)']
	Database driver: undefined/unknown
	Database version: 16.1
	Autocommit mode: undefined/unknown
	Isolation level: undefined/unknown
	Minimum pool size: undefined/unknown
	Maximum pool size: undefined/unknown
2025-03-05 14:42:00 [restartedMain] INFO  o.h.id.enhanced.TableGenerator - HHH000398: Explicit segment value for id generator [hibernate_sequences.sequence_name] suggested; using default [default]
2025-03-05 14:42:01 [restartedMain] INFO  o.h.e.t.j.p.i.JtaPlatformInitiator - HHH000489: No JTA platform available (set 'hibernate.transaction.jta.platform' to enable JTA platform integration)
2025-03-05 14:42:01 [restartedMain] INFO  o.s.o.j.LocalContainerEntityManagerFactoryBean - Initialized JPA EntityManagerFactory for persistence unit 'default'
2025-03-05 14:42:02 [restartedMain] WARN  o.s.b.a.o.j.JpaBaseConfiguration$JpaWebConfiguration - spring.jpa.open-in-view is enabled by default. Therefore, database queries may be performed during view rendering. Explicitly configure spring.jpa.open-in-view to disable this warning
2025-03-05 14:42:02 [restartedMain] INFO  o.s.s.p.JdbcUserDetailsManager - No authentication manager set. Reauthentication of users when changing passwords will not be performed.
2025-03-05 14:42:02 [restartedMain] INFO  o.s.s.c.a.a.c.InitializeUserDetailsBeanManagerConfigurer$InitializeUserDetailsManagerConfigurer - Global AuthenticationManager configured with UserDetailsService bean with name userDetailsManager
2025-03-05 14:42:03 [restartedMain] INFO  o.s.b.d.a.OptionalLiveReloadServer - LiveReload server is running on port 35729
2025-03-05 14:42:03 [restartedMain] INFO  o.s.b.w.e.tomcat.TomcatWebServer - Tomcat started on port 8080 (http) with context path '/'
2025-03-05 14:42:10 [http-nio-8080-exec-2] INFO  o.s.web.servlet.DispatcherServlet - Initializing Servlet 'dispatcherServlet'
2025-03-05 14:42:10 [http-nio-8080-exec-2] INFO  o.s.web.servlet.DispatcherServlet - Completed initialization in 0 ms
2025-03-05 16:31:32 [SpringApplicationShutdownHook] INFO  o.s.b.w.e.tomcat.GracefulShutdown - Commencing graceful shutdown. Waiting for active requests to complete
2025-03-05 16:31:32 [tomcat-shutdown] INFO  o.s.b.w.e.tomcat.GracefulShutdown - Graceful shutdown complete
2025-03-05 16:31:32 [SpringApplicationShutdownHook] INFO  o.s.o.j.LocalContainerEntityManagerFactoryBean - Closing JPA EntityManagerFactory for persistence unit 'default'
2025-03-05 16:31:54 [background-preinit] INFO  o.h.validator.internal.util.Version - HV000001: Hibernate Validator 8.0.2.Final
2025-03-05 16:31:54 [restartedMain] INFO  o.s.b.d.e.DevToolsPropertyDefaultsPostProcessor - Devtools property defaults active! Set 'spring.devtools.add-properties' to 'false' to disable
2025-03-05 16:31:54 [restartedMain] INFO  o.s.b.d.e.DevToolsPropertyDefaultsPostProcessor - For additional web related logging consider setting the 'logging.level.web' property to 'DEBUG'
2025-03-05 16:31:56 [restartedMain] WARN  o.s.b.w.s.c.AnnotationConfigServletWebServerApplicationContext - Exception encountered during context initialization - cancelling refresh attempt: org.springframework.beans.factory.BeanDefinitionStoreException: Failed to process import candidates for configuration class [com.accenture.Application]: Failed to bind properties under 'springdoc.api-docs.version' to org.springdoc.core.properties.SpringDocConfigProperties$ApiDocs$OpenApiVersion
2025-03-05 16:31:56 [restartedMain] INFO  o.s.b.a.l.ConditionEvaluationReportLogger - 

Error starting ApplicationContext. To display the condition evaluation report re-run your application with 'debug' enabled.
2025-03-05 16:31:56 [restartedMain] ERROR o.s.b.d.LoggingFailureAnalysisReporter - 

***************************
APPLICATION FAILED TO START
***************************

Description:

Failed to bind properties under 'springdoc.api-docs.version' to org.springdoc.core.properties.SpringDocConfigProperties$ApiDocs$OpenApiVersion:

    Property: springdoc.api-docs.version
    Value: "1.0.0"
    Origin: class path resource [application.properties] - 11:28
    Reason: failed to convert java.lang.String to org.springdoc.core.properties.SpringDocConfigProperties$ApiDocs$OpenApiVersion (caused by java.lang.IllegalArgumentException: No enum constant org.springdoc.core.properties.SpringDocConfigProperties.ApiDocs.OpenApiVersion.1.0.0)

Action:

Update your application's configuration. The following values are valid:

    OPENAPI_3_0
    OPENAPI_3_1

2025-03-05 16:32:24 [background-preinit] INFO  o.h.validator.internal.util.Version - HV000001: Hibernate Validator 8.0.2.Final
2025-03-05 16:32:24 [restartedMain] INFO  o.s.b.d.e.DevToolsPropertyDefaultsPostProcessor - Devtools property defaults active! Set 'spring.devtools.add-properties' to 'false' to disable
2025-03-05 16:32:24 [restartedMain] INFO  o.s.b.d.e.DevToolsPropertyDefaultsPostProcessor - For additional web related logging consider setting the 'logging.level.web' property to 'DEBUG'
2025-03-05 16:32:26 [restartedMain] INFO  o.s.d.r.c.RepositoryConfigurationDelegate - Bootstrapping Spring Data JPA repositories in DEFAULT mode.
2025-03-05 16:32:26 [restartedMain] INFO  o.s.d.r.c.RepositoryConfigurationDelegate - Finished Spring Data repository scanning in 116 ms. Found 6 JPA repository interfaces.
2025-03-05 16:32:27 [restartedMain] INFO  o.s.b.w.e.tomcat.TomcatWebServer - Tomcat initialized with port 8080 (http)
2025-03-05 16:32:27 [restartedMain] INFO  o.s.b.w.s.c.ServletWebServerApplicationContext - Root WebApplicationContext: initialization completed in 2667 ms
2025-03-05 16:32:27 [restartedMain] INFO  o.h.jpa.internal.util.LogHelper - HHH000204: Processing PersistenceUnitInfo [name: default]
2025-03-05 16:32:27 [restartedMain] INFO  org.hibernate.Version - HHH000412: Hibernate ORM core version 6.6.5.Final
2025-03-05 16:32:27 [restartedMain] INFO  o.h.c.i.RegionFactoryInitiator - HHH000026: Second-level cache disabled
2025-03-05 16:32:28 [restartedMain] INFO  o.s.o.j.p.SpringPersistenceUnitInfo - No LoadTimeWeaver setup: ignoring JPA class transformer
2025-03-05 16:32:28 [restartedMain] WARN  org.hibernate.orm.deprecation - HHH90000025: PostgreSQLDialect does not need to be specified explicitly using 'hibernate.dialect' (remove the property setting and it will be selected by default)
2025-03-05 16:32:28 [restartedMain] INFO  o.hibernate.orm.connections.pooling - HHH10001005: Database info:
	Database JDBC URL [Connecting through datasource 'HikariDataSource (HikariPool-1)']
	Database driver: undefined/unknown
	Database version: 16.1
	Autocommit mode: undefined/unknown
	Isolation level: undefined/unknown
	Minimum pool size: undefined/unknown
	Maximum pool size: undefined/unknown
2025-03-05 16:32:29 [restartedMain] INFO  o.h.id.enhanced.TableGenerator - HHH000398: Explicit segment value for id generator [hibernate_sequences.sequence_name] suggested; using default [default]
2025-03-05 16:32:30 [restartedMain] INFO  o.h.e.t.j.p.i.JtaPlatformInitiator - HHH000489: No JTA platform available (set 'hibernate.transaction.jta.platform' to enable JTA platform integration)
2025-03-05 16:32:30 [restartedMain] INFO  o.s.o.j.LocalContainerEntityManagerFactoryBean - Initialized JPA EntityManagerFactory for persistence unit 'default'
2025-03-05 16:32:31 [restartedMain] WARN  o.s.b.a.o.j.JpaBaseConfiguration$JpaWebConfiguration - spring.jpa.open-in-view is enabled by default. Therefore, database queries may be performed during view rendering. Explicitly configure spring.jpa.open-in-view to disable this warning
2025-03-05 16:32:31 [restartedMain] INFO  o.s.s.p.JdbcUserDetailsManager - No authentication manager set. Reauthentication of users when changing passwords will not be performed.
2025-03-05 16:32:31 [restartedMain] INFO  o.s.s.c.a.a.c.InitializeUserDetailsBeanManagerConfigurer$InitializeUserDetailsManagerConfigurer - Global AuthenticationManager configured with UserDetailsService bean with name userDetailsManager
2025-03-05 16:32:32 [restartedMain] INFO  o.s.b.d.a.OptionalLiveReloadServer - LiveReload server is running on port 35729
2025-03-05 16:32:32 [restartedMain] INFO  o.s.b.w.e.tomcat.TomcatWebServer - Tomcat started on port 8080 (http) with context path '/'
2025-03-05 16:32:36 [http-nio-8080-exec-1] INFO  o.s.web.servlet.DispatcherServlet - Initializing Servlet 'dispatcherServlet'
2025-03-05 16:32:36 [http-nio-8080-exec-1] INFO  o.s.web.servlet.DispatcherServlet - Completed initialization in 2 ms
2025-03-05 16:34:51 [SpringApplicationShutdownHook] INFO  o.s.b.w.e.tomcat.GracefulShutdown - Commencing graceful shutdown. Waiting for active requests to complete
2025-03-05 16:34:51 [tomcat-shutdown] INFO  o.s.b.w.e.tomcat.GracefulShutdown - Graceful shutdown complete
2025-03-05 16:34:51 [SpringApplicationShutdownHook] INFO  o.s.o.j.LocalContainerEntityManagerFactoryBean - Closing JPA EntityManagerFactory for persistence unit 'default'
2025-03-05 16:34:54 [background-preinit] INFO  o.h.validator.internal.util.Version - HV000001: Hibernate Validator 8.0.2.Final
2025-03-05 16:34:54 [restartedMain] INFO  o.s.b.d.e.DevToolsPropertyDefaultsPostProcessor - Devtools property defaults active! Set 'spring.devtools.add-properties' to 'false' to disable
2025-03-05 16:34:54 [restartedMain] INFO  o.s.b.d.e.DevToolsPropertyDefaultsPostProcessor - For additional web related logging consider setting the 'logging.level.web' property to 'DEBUG'
2025-03-05 16:34:55 [restartedMain] WARN  o.s.b.w.s.c.AnnotationConfigServletWebServerApplicationContext - Exception encountered during context initialization - cancelling refresh attempt: org.springframework.beans.factory.BeanDefinitionStoreException: Failed to process import candidates for configuration class [com.accenture.Application]: Failed to bind properties under 'springdoc.api-docs.version' to org.springdoc.core.properties.SpringDocConfigProperties$ApiDocs$OpenApiVersion
2025-03-05 16:34:55 [restartedMain] INFO  o.s.b.a.l.ConditionEvaluationReportLogger - 

Error starting ApplicationContext. To display the condition evaluation report re-run your application with 'debug' enabled.
2025-03-05 16:34:55 [restartedMain] ERROR o.s.b.d.LoggingFailureAnalysisReporter - 

***************************
APPLICATION FAILED TO START
***************************

Description:

Failed to bind properties under 'springdoc.api-docs.version' to org.springdoc.core.properties.SpringDocConfigProperties$ApiDocs$OpenApiVersion:

    Property: springdoc.api-docs.version
    Value: "3.1.0"
    Origin: class path resource [application.properties] - 11:28
    Reason: failed to convert java.lang.String to org.springdoc.core.properties.SpringDocConfigProperties$ApiDocs$OpenApiVersion (caused by java.lang.IllegalArgumentException: No enum constant org.springdoc.core.properties.SpringDocConfigProperties.ApiDocs.OpenApiVersion.3.1.0)

Action:

Update your application's configuration. The following values are valid:

    OPENAPI_3_0
    OPENAPI_3_1

2025-03-05 16:35:23 [background-preinit] INFO  o.h.validator.internal.util.Version - HV000001: Hibernate Validator 8.0.2.Final
2025-03-05 16:35:23 [restartedMain] INFO  o.s.b.d.e.DevToolsPropertyDefaultsPostProcessor - Devtools property defaults active! Set 'spring.devtools.add-properties' to 'false' to disable
2025-03-05 16:35:23 [restartedMain] INFO  o.s.b.d.e.DevToolsPropertyDefaultsPostProcessor - For additional web related logging consider setting the 'logging.level.web' property to 'DEBUG'
2025-03-05 16:35:24 [restartedMain] WARN  o.s.b.w.s.c.AnnotationConfigServletWebServerApplicationContext - Exception encountered during context initialization - cancelling refresh attempt: org.springframework.beans.factory.BeanDefinitionStoreException: Failed to process import candidates for configuration class [com.accenture.Application]: Failed to bind properties under 'springdoc.api-docs.version' to org.springdoc.core.properties.SpringDocConfigProperties$ApiDocs$OpenApiVersion
2025-03-05 16:35:24 [restartedMain] INFO  o.s.b.a.l.ConditionEvaluationReportLogger - 

Error starting ApplicationContext. To display the condition evaluation report re-run your application with 'debug' enabled.
2025-03-05 16:35:24 [restartedMain] ERROR o.s.b.d.LoggingFailureAnalysisReporter - 

***************************
APPLICATION FAILED TO START
***************************

Description:

Failed to bind properties under 'springdoc.api-docs.version' to org.springdoc.core.properties.SpringDocConfigProperties$ApiDocs$OpenApiVersion:

    Property: springdoc.api-docs.version
    Value: "3.0.0"
    Origin: class path resource [application.properties] - 11:28
    Reason: failed to convert java.lang.String to org.springdoc.core.properties.SpringDocConfigProperties$ApiDocs$OpenApiVersion (caused by java.lang.IllegalArgumentException: No enum constant org.springdoc.core.properties.SpringDocConfigProperties.ApiDocs.OpenApiVersion.3.0.0)

Action:

Update your application's configuration. The following values are valid:

    OPENAPI_3_0
    OPENAPI_3_1

2025-03-05 16:45:21 [background-preinit] INFO  o.h.validator.internal.util.Version - HV000001: Hibernate Validator 8.0.2.Final
2025-03-05 16:45:21 [restartedMain] INFO  o.s.b.d.e.DevToolsPropertyDefaultsPostProcessor - Devtools property defaults active! Set 'spring.devtools.add-properties' to 'false' to disable
2025-03-05 16:45:21 [restartedMain] INFO  o.s.b.d.e.DevToolsPropertyDefaultsPostProcessor - For additional web related logging consider setting the 'logging.level.web' property to 'DEBUG'
2025-03-05 16:45:22 [restartedMain] WARN  o.s.b.w.s.c.AnnotationConfigServletWebServerApplicationContext - Exception encountered during context initialization - cancelling refresh attempt: org.springframework.beans.factory.BeanDefinitionStoreException: Failed to process import candidates for configuration class [com.accenture.Application]: Failed to bind properties under 'springdoc.api-docs.version' to org.springdoc.core.properties.SpringDocConfigProperties$ApiDocs$OpenApiVersion
2025-03-05 16:45:22 [restartedMain] INFO  o.s.b.a.l.ConditionEvaluationReportLogger - 

Error starting ApplicationContext. To display the condition evaluation report re-run your application with 'debug' enabled.
2025-03-05 16:45:22 [restartedMain] ERROR o.s.b.d.LoggingFailureAnalysisReporter - 

***************************
APPLICATION FAILED TO START
***************************

Description:

Failed to bind properties under 'springdoc.api-docs.version' to org.springdoc.core.properties.SpringDocConfigProperties$ApiDocs$OpenApiVersion:

    Property: springdoc.api-docs.version
    Value: "3.0.0"
    Origin: class path resource [application.properties] - 11:28
    Reason: failed to convert java.lang.String to org.springdoc.core.properties.SpringDocConfigProperties$ApiDocs$OpenApiVersion (caused by java.lang.IllegalArgumentException: No enum constant org.springdoc.core.properties.SpringDocConfigProperties.ApiDocs.OpenApiVersion.3.0.0)

Action:

Update your application's configuration. The following values are valid:

    OPENAPI_3_0
    OPENAPI_3_1

2025-03-05 16:45:33 [background-preinit] INFO  o.h.validator.internal.util.Version - HV000001: Hibernate Validator 8.0.2.Final
2025-03-05 16:45:33 [restartedMain] INFO  o.s.b.d.e.DevToolsPropertyDefaultsPostProcessor - Devtools property defaults active! Set 'spring.devtools.add-properties' to 'false' to disable
2025-03-05 16:45:33 [restartedMain] INFO  o.s.b.d.e.DevToolsPropertyDefaultsPostProcessor - For additional web related logging consider setting the 'logging.level.web' property to 'DEBUG'
2025-03-05 16:45:34 [restartedMain] INFO  o.s.d.r.c.RepositoryConfigurationDelegate - Bootstrapping Spring Data JPA repositories in DEFAULT mode.
2025-03-05 16:45:35 [restartedMain] INFO  o.s.d.r.c.RepositoryConfigurationDelegate - Finished Spring Data repository scanning in 115 ms. Found 6 JPA repository interfaces.
2025-03-05 16:45:36 [restartedMain] INFO  o.s.b.w.e.tomcat.TomcatWebServer - Tomcat initialized with port 8080 (http)
2025-03-05 16:45:36 [restartedMain] INFO  o.s.b.w.s.c.ServletWebServerApplicationContext - Root WebApplicationContext: initialization completed in 2983 ms
2025-03-05 16:45:36 [restartedMain] INFO  o.h.jpa.internal.util.LogHelper - HHH000204: Processing PersistenceUnitInfo [name: default]
2025-03-05 16:45:37 [restartedMain] INFO  org.hibernate.Version - HHH000412: Hibernate ORM core version 6.6.5.Final
2025-03-05 16:45:37 [restartedMain] INFO  o.h.c.i.RegionFactoryInitiator - HHH000026: Second-level cache disabled
2025-03-05 16:45:37 [restartedMain] INFO  o.s.o.j.p.SpringPersistenceUnitInfo - No LoadTimeWeaver setup: ignoring JPA class transformer
2025-03-05 16:45:38 [restartedMain] WARN  org.hibernate.orm.deprecation - HHH90000025: PostgreSQLDialect does not need to be specified explicitly using 'hibernate.dialect' (remove the property setting and it will be selected by default)
2025-03-05 16:45:38 [restartedMain] INFO  o.hibernate.orm.connections.pooling - HHH10001005: Database info:
	Database JDBC URL [Connecting through datasource 'HikariDataSource (HikariPool-1)']
	Database driver: undefined/unknown
	Database version: 16.1
	Autocommit mode: undefined/unknown
	Isolation level: undefined/unknown
	Minimum pool size: undefined/unknown
	Maximum pool size: undefined/unknown
2025-03-05 16:45:38 [restartedMain] INFO  o.h.id.enhanced.TableGenerator - HHH000398: Explicit segment value for id generator [hibernate_sequences.sequence_name] suggested; using default [default]
2025-03-05 16:45:39 [restartedMain] INFO  o.h.e.t.j.p.i.JtaPlatformInitiator - HHH000489: No JTA platform available (set 'hibernate.transaction.jta.platform' to enable JTA platform integration)
2025-03-05 16:45:40 [restartedMain] INFO  o.s.o.j.LocalContainerEntityManagerFactoryBean - Initialized JPA EntityManagerFactory for persistence unit 'default'
2025-03-05 16:45:41 [restartedMain] WARN  o.s.b.a.o.j.JpaBaseConfiguration$JpaWebConfiguration - spring.jpa.open-in-view is enabled by default. Therefore, database queries may be performed during view rendering. Explicitly configure spring.jpa.open-in-view to disable this warning
2025-03-05 16:45:41 [restartedMain] INFO  o.s.s.p.JdbcUserDetailsManager - No authentication manager set. Reauthentication of users when changing passwords will not be performed.
2025-03-05 16:45:41 [restartedMain] INFO  o.s.s.c.a.a.c.InitializeUserDetailsBeanManagerConfigurer$InitializeUserDetailsManagerConfigurer - Global AuthenticationManager configured with UserDetailsService bean with name userDetailsManager
2025-03-05 16:45:42 [restartedMain] INFO  o.s.b.d.a.OptionalLiveReloadServer - LiveReload server is running on port 35729
2025-03-05 16:45:42 [restartedMain] INFO  o.s.b.w.e.tomcat.TomcatWebServer - Tomcat started on port 8080 (http) with context path '/'
2025-03-05 16:45:47 [http-nio-8080-exec-1] INFO  o.s.web.servlet.DispatcherServlet - Initializing Servlet 'dispatcherServlet'
2025-03-05 16:45:47 [http-nio-8080-exec-1] INFO  o.s.web.servlet.DispatcherServlet - Completed initialization in 1 ms
2025-03-05 16:47:51 [SpringApplicationShutdownHook] INFO  o.s.b.w.e.tomcat.GracefulShutdown - Commencing graceful shutdown. Waiting for active requests to complete
2025-03-05 16:47:51 [tomcat-shutdown] INFO  o.s.b.w.e.tomcat.GracefulShutdown - Graceful shutdown complete
2025-03-05 16:47:51 [SpringApplicationShutdownHook] INFO  o.s.o.j.LocalContainerEntityManagerFactoryBean - Closing JPA EntityManagerFactory for persistence unit 'default'
2025-03-05 16:47:57 [background-preinit] INFO  o.h.validator.internal.util.Version - HV000001: Hibernate Validator 8.0.2.Final
2025-03-05 16:47:57 [restartedMain] INFO  o.s.b.d.e.DevToolsPropertyDefaultsPostProcessor - Devtools property defaults active! Set 'spring.devtools.add-properties' to 'false' to disable
2025-03-05 16:47:57 [restartedMain] INFO  o.s.b.d.e.DevToolsPropertyDefaultsPostProcessor - For additional web related logging consider setting the 'logging.level.web' property to 'DEBUG'
2025-03-05 16:47:59 [restartedMain] INFO  o.s.d.r.c.RepositoryConfigurationDelegate - Bootstrapping Spring Data JPA repositories in DEFAULT mode.
2025-03-05 16:47:59 [restartedMain] INFO  o.s.d.r.c.RepositoryConfigurationDelegate - Finished Spring Data repository scanning in 115 ms. Found 6 JPA repository interfaces.
2025-03-05 16:48:00 [restartedMain] INFO  o.s.b.w.e.tomcat.TomcatWebServer - Tomcat initialized with port 8080 (http)
2025-03-05 16:48:00 [restartedMain] INFO  o.s.b.w.s.c.ServletWebServerApplicationContext - Root WebApplicationContext: initialization completed in 2887 ms
2025-03-05 16:48:00 [restartedMain] INFO  o.h.jpa.internal.util.LogHelper - HHH000204: Processing PersistenceUnitInfo [name: default]
2025-03-05 16:48:01 [restartedMain] INFO  org.hibernate.Version - HHH000412: Hibernate ORM core version 6.6.5.Final
2025-03-05 16:48:01 [restartedMain] INFO  o.h.c.i.RegionFactoryInitiator - HHH000026: Second-level cache disabled
2025-03-05 16:48:01 [restartedMain] INFO  o.s.o.j.p.SpringPersistenceUnitInfo - No LoadTimeWeaver setup: ignoring JPA class transformer
2025-03-05 16:48:01 [restartedMain] WARN  org.hibernate.orm.deprecation - HHH90000025: PostgreSQLDialect does not need to be specified explicitly using 'hibernate.dialect' (remove the property setting and it will be selected by default)
2025-03-05 16:48:01 [restartedMain] INFO  o.hibernate.orm.connections.pooling - HHH10001005: Database info:
	Database JDBC URL [Connecting through datasource 'HikariDataSource (HikariPool-1)']
	Database driver: undefined/unknown
	Database version: 16.1
	Autocommit mode: undefined/unknown
	Isolation level: undefined/unknown
	Minimum pool size: undefined/unknown
	Maximum pool size: undefined/unknown
2025-03-05 16:48:02 [restartedMain] INFO  o.h.id.enhanced.TableGenerator - HHH000398: Explicit segment value for id generator [hibernate_sequences.sequence_name] suggested; using default [default]
2025-03-05 16:48:03 [restartedMain] INFO  o.h.e.t.j.p.i.JtaPlatformInitiator - HHH000489: No JTA platform available (set 'hibernate.transaction.jta.platform' to enable JTA platform integration)
2025-03-05 16:48:03 [restartedMain] INFO  o.s.o.j.LocalContainerEntityManagerFactoryBean - Initialized JPA EntityManagerFactory for persistence unit 'default'
2025-03-05 16:48:04 [restartedMain] WARN  o.s.b.a.o.j.JpaBaseConfiguration$JpaWebConfiguration - spring.jpa.open-in-view is enabled by default. Therefore, database queries may be performed during view rendering. Explicitly configure spring.jpa.open-in-view to disable this warning
2025-03-05 16:48:04 [restartedMain] INFO  o.s.s.p.JdbcUserDetailsManager - No authentication manager set. Reauthentication of users when changing passwords will not be performed.
2025-03-05 16:48:04 [restartedMain] INFO  o.s.s.c.a.a.c.InitializeUserDetailsBeanManagerConfigurer$InitializeUserDetailsManagerConfigurer - Global AuthenticationManager configured with UserDetailsService bean with name userDetailsManager
2025-03-05 16:48:05 [restartedMain] INFO  o.s.b.d.a.OptionalLiveReloadServer - LiveReload server is running on port 35729
2025-03-05 16:48:05 [restartedMain] INFO  o.s.b.w.e.tomcat.TomcatWebServer - Tomcat started on port 8080 (http) with context path '/'
2025-03-05 16:49:10 [http-nio-8080-exec-1] INFO  o.s.web.servlet.DispatcherServlet - Initializing Servlet 'dispatcherServlet'
2025-03-05 16:49:10 [http-nio-8080-exec-1] INFO  o.s.web.servlet.DispatcherServlet - Completed initialization in 2 ms
2025-03-05 16:50:42 [SpringApplicationShutdownHook] INFO  o.s.b.w.e.tomcat.GracefulShutdown - Commencing graceful shutdown. Waiting for active requests to complete
2025-03-05 16:50:42 [tomcat-shutdown] INFO  o.s.b.w.e.tomcat.GracefulShutdown - Graceful shutdown complete
2025-03-05 16:50:42 [SpringApplicationShutdownHook] INFO  o.s.o.j.LocalContainerEntityManagerFactoryBean - Closing JPA EntityManagerFactory for persistence unit 'default'
2025-03-05 16:50:48 [background-preinit] INFO  o.h.validator.internal.util.Version - HV000001: Hibernate Validator 8.0.2.Final
2025-03-05 16:50:48 [restartedMain] INFO  o.s.b.d.e.DevToolsPropertyDefaultsPostProcessor - Devtools property defaults active! Set 'spring.devtools.add-properties' to 'false' to disable
2025-03-05 16:50:48 [restartedMain] INFO  o.s.b.d.e.DevToolsPropertyDefaultsPostProcessor - For additional web related logging consider setting the 'logging.level.web' property to 'DEBUG'
2025-03-05 16:50:50 [restartedMain] INFO  o.s.d.r.c.RepositoryConfigurationDelegate - Bootstrapping Spring Data JPA repositories in DEFAULT mode.
2025-03-05 16:50:50 [restartedMain] INFO  o.s.d.r.c.RepositoryConfigurationDelegate - Finished Spring Data repository scanning in 94 ms. Found 6 JPA repository interfaces.
2025-03-05 16:50:51 [restartedMain] INFO  o.s.b.w.e.tomcat.TomcatWebServer - Tomcat initialized with port 8080 (http)
2025-03-05 16:50:51 [restartedMain] INFO  o.s.b.w.s.c.ServletWebServerApplicationContext - Root WebApplicationContext: initialization completed in 2488 ms
2025-03-05 16:50:51 [restartedMain] INFO  o.h.jpa.internal.util.LogHelper - HHH000204: Processing PersistenceUnitInfo [name: default]
2025-03-05 16:50:51 [restartedMain] INFO  org.hibernate.Version - HHH000412: Hibernate ORM core version 6.6.5.Final
2025-03-05 16:50:51 [restartedMain] INFO  o.h.c.i.RegionFactoryInitiator - HHH000026: Second-level cache disabled
2025-03-05 16:50:52 [restartedMain] INFO  o.s.o.j.p.SpringPersistenceUnitInfo - No LoadTimeWeaver setup: ignoring JPA class transformer
2025-03-05 16:50:52 [restartedMain] WARN  org.hibernate.orm.deprecation - HHH90000025: PostgreSQLDialect does not need to be specified explicitly using 'hibernate.dialect' (remove the property setting and it will be selected by default)
2025-03-05 16:50:52 [restartedMain] INFO  o.hibernate.orm.connections.pooling - HHH10001005: Database info:
	Database JDBC URL [Connecting through datasource 'HikariDataSource (HikariPool-1)']
	Database driver: undefined/unknown
	Database version: 16.1
	Autocommit mode: undefined/unknown
	Isolation level: undefined/unknown
	Minimum pool size: undefined/unknown
	Maximum pool size: undefined/unknown
2025-03-05 16:50:52 [restartedMain] INFO  o.h.id.enhanced.TableGenerator - HHH000398: Explicit segment value for id generator [hibernate_sequences.sequence_name] suggested; using default [default]
2025-03-05 16:50:53 [restartedMain] INFO  o.h.e.t.j.p.i.JtaPlatformInitiator - HHH000489: No JTA platform available (set 'hibernate.transaction.jta.platform' to enable JTA platform integration)
2025-03-05 16:50:53 [restartedMain] INFO  o.s.o.j.LocalContainerEntityManagerFactoryBean - Initialized JPA EntityManagerFactory for persistence unit 'default'
2025-03-05 16:50:54 [restartedMain] WARN  o.s.b.a.o.j.JpaBaseConfiguration$JpaWebConfiguration - spring.jpa.open-in-view is enabled by default. Therefore, database queries may be performed during view rendering. Explicitly configure spring.jpa.open-in-view to disable this warning
2025-03-05 16:50:54 [restartedMain] INFO  o.s.s.p.JdbcUserDetailsManager - No authentication manager set. Reauthentication of users when changing passwords will not be performed.
2025-03-05 16:50:54 [restartedMain] INFO  o.s.s.c.a.a.c.InitializeUserDetailsBeanManagerConfigurer$InitializeUserDetailsManagerConfigurer - Global AuthenticationManager configured with UserDetailsService bean with name userDetailsManager
2025-03-05 16:50:55 [restartedMain] INFO  o.s.b.d.a.OptionalLiveReloadServer - LiveReload server is running on port 35729
2025-03-05 16:50:55 [restartedMain] INFO  o.s.b.w.e.tomcat.TomcatWebServer - Tomcat started on port 8080 (http) with context path '/'
2025-03-05 16:51:14 [http-nio-8080-exec-1] INFO  o.s.web.servlet.DispatcherServlet - Initializing Servlet 'dispatcherServlet'
2025-03-05 16:51:14 [http-nio-8080-exec-1] INFO  o.s.web.servlet.DispatcherServlet - Completed initialization in 1 ms
2025-03-05 21:55:55 [File Watcher] INFO  o.s.b.d.a.LocalDevToolsAutoConfiguration$RestartingClassPathChangeChangedEventListener - Restarting due to 12 class path changes (0 additions, 12 deletions, 0 modifications)
2025-03-05 21:55:55 [Thread-5] INFO  o.s.b.w.e.tomcat.GracefulShutdown - Commencing graceful shutdown. Waiting for active requests to complete
2025-03-05 21:55:55 [tomcat-shutdown] INFO  o.s.b.w.e.tomcat.GracefulShutdown - Graceful shutdown complete
2025-03-05 21:55:55 [Thread-5] INFO  o.s.o.j.LocalContainerEntityManagerFactoryBean - Closing JPA EntityManagerFactory for persistence unit 'default'
2025-03-05 21:55:58 [restartedMain] INFO  o.s.d.r.c.RepositoryConfigurationDelegate - Bootstrapping Spring Data JPA repositories in DEFAULT mode.
2025-03-05 21:55:58 [restartedMain] INFO  o.s.d.r.c.RepositoryConfigurationDelegate - Finished Spring Data repository scanning in 109 ms. Found 5 JPA repository interfaces.
2025-03-05 21:55:58 [restartedMain] INFO  o.s.b.w.e.tomcat.TomcatWebServer - Tomcat initialized with port 8080 (http)
2025-03-05 21:55:58 [restartedMain] INFO  o.s.b.w.s.c.ServletWebServerApplicationContext - Root WebApplicationContext: initialization completed in 3214 ms
2025-03-05 21:55:59 [restartedMain] INFO  o.h.jpa.internal.util.LogHelper - HHH000204: Processing PersistenceUnitInfo [name: default]
2025-03-05 21:55:59 [restartedMain] INFO  o.h.c.i.RegionFactoryInitiator - HHH000026: Second-level cache disabled
2025-03-05 21:55:59 [restartedMain] INFO  o.s.o.j.p.SpringPersistenceUnitInfo - No LoadTimeWeaver setup: ignoring JPA class transformer
2025-03-05 21:55:59 [restartedMain] WARN  org.hibernate.orm.deprecation - HHH90000025: PostgreSQLDialect does not need to be specified explicitly using 'hibernate.dialect' (remove the property setting and it will be selected by default)
2025-03-05 21:55:59 [restartedMain] INFO  o.hibernate.orm.connections.pooling - HHH10001005: Database info:
	Database JDBC URL [Connecting through datasource 'HikariDataSource (HikariPool-2)']
	Database driver: undefined/unknown
	Database version: 16.1
	Autocommit mode: undefined/unknown
	Isolation level: undefined/unknown
	Minimum pool size: undefined/unknown
	Maximum pool size: undefined/unknown
2025-03-05 21:55:59 [restartedMain] INFO  o.h.id.enhanced.TableGenerator - HHH000398: Explicit segment value for id generator [hibernate_sequences.sequence_name] suggested; using default [default]
2025-03-05 21:55:59 [restartedMain] INFO  o.h.e.t.j.p.i.JtaPlatformInitiator - HHH000489: No JTA platform available (set 'hibernate.transaction.jta.platform' to enable JTA platform integration)
2025-03-05 21:56:00 [restartedMain] INFO  o.s.o.j.LocalContainerEntityManagerFactoryBean - Initialized JPA EntityManagerFactory for persistence unit 'default'
2025-03-05 21:56:00 [restartedMain] WARN  o.s.b.w.s.c.AnnotationConfigServletWebServerApplicationContext - Exception encountered during context initialization - cancelling refresh attempt: org.springframework.beans.factory.UnsatisfiedDependencyException: Error creating bean with name 'clientController' defined in file [C:\Users\tianhong.huang\IdeaProjects\location_de_vehicules\target\classes\com\accenture\controller\utilisateur\ClientController.class]: Unsatisfied dependency expressed through constructor parameter 0: No qualifying bean of type 'com.accenture.service.ClientService' available: expected at least 1 bean which qualifies as autowire candidate. Dependency annotations: {}
2025-03-05 21:56:00 [restartedMain] INFO  o.s.o.j.LocalContainerEntityManagerFactoryBean - Closing JPA EntityManagerFactory for persistence unit 'default'
2025-03-05 21:56:00 [restartedMain] INFO  o.s.b.a.l.ConditionEvaluationReportLogger - 

Error starting ApplicationContext. To display the condition evaluation report re-run your application with 'debug' enabled.
2025-03-05 21:56:00 [restartedMain] ERROR o.s.b.d.LoggingFailureAnalysisReporter - 

***************************
APPLICATION FAILED TO START
***************************

Description:

Parameter 0 of constructor in com.accenture.controller.utilisateur.ClientController required a bean of type 'com.accenture.service.ClientService' that could not be found.


Action:

Consider defining a bean of type 'com.accenture.service.ClientService' in your configuration.

2025-03-05 21:56:15 [restartedMain] INFO  o.s.d.r.c.RepositoryConfigurationDelegate - Bootstrapping Spring Data JPA repositories in DEFAULT mode.
2025-03-05 21:56:16 [restartedMain] INFO  o.s.d.r.c.RepositoryConfigurationDelegate - Finished Spring Data repository scanning in 170 ms. Found 6 JPA repository interfaces.
2025-03-05 21:56:16 [restartedMain] INFO  o.s.b.w.e.tomcat.TomcatWebServer - Tomcat initialized with port 8080 (http)
2025-03-05 21:56:16 [restartedMain] INFO  o.s.b.w.s.c.ServletWebServerApplicationContext - Root WebApplicationContext: initialization completed in 2813 ms
2025-03-05 21:56:16 [restartedMain] INFO  o.h.jpa.internal.util.LogHelper - HHH000204: Processing PersistenceUnitInfo [name: default]
2025-03-05 21:56:16 [restartedMain] INFO  o.h.c.i.RegionFactoryInitiator - HHH000026: Second-level cache disabled
2025-03-05 21:56:16 [restartedMain] INFO  o.s.o.j.p.SpringPersistenceUnitInfo - No LoadTimeWeaver setup: ignoring JPA class transformer
2025-03-05 21:56:17 [restartedMain] WARN  org.hibernate.orm.deprecation - HHH90000025: PostgreSQLDialect does not need to be specified explicitly using 'hibernate.dialect' (remove the property setting and it will be selected by default)
2025-03-05 21:56:17 [restartedMain] INFO  o.hibernate.orm.connections.pooling - HHH10001005: Database info:
	Database JDBC URL [Connecting through datasource 'HikariDataSource (HikariPool-3)']
	Database driver: undefined/unknown
	Database version: 16.1
	Autocommit mode: undefined/unknown
	Isolation level: undefined/unknown
	Minimum pool size: undefined/unknown
	Maximum pool size: undefined/unknown
2025-03-05 21:56:17 [restartedMain] INFO  o.h.id.enhanced.TableGenerator - HHH000398: Explicit segment value for id generator [hibernate_sequences.sequence_name] suggested; using default [default]
2025-03-05 21:56:17 [restartedMain] INFO  o.h.e.t.j.p.i.JtaPlatformInitiator - HHH000489: No JTA platform available (set 'hibernate.transaction.jta.platform' to enable JTA platform integration)
2025-03-05 21:56:18 [restartedMain] INFO  o.s.o.j.LocalContainerEntityManagerFactoryBean - Initialized JPA EntityManagerFactory for persistence unit 'default'
2025-03-05 21:56:19 [restartedMain] WARN  o.s.b.w.s.c.AnnotationConfigServletWebServerApplicationContext - Exception encountered during context initialization - cancelling refresh attempt: org.springframework.beans.factory.UnsatisfiedDependencyException: Error creating bean with name 'voitureController' defined in file [C:\Users\tianhong.huang\IdeaProjects\location_de_vehicules\target\classes\com\accenture\controller\vehicule\VoitureController.class]: Unsatisfied dependency expressed through constructor parameter 0: No qualifying bean of type 'com.accenture.service.VoitureService' available: expected at least 1 bean which qualifies as autowire candidate. Dependency annotations: {}
2025-03-05 21:56:19 [restartedMain] INFO  o.s.o.j.LocalContainerEntityManagerFactoryBean - Closing JPA EntityManagerFactory for persistence unit 'default'
2025-03-05 21:56:19 [restartedMain] INFO  o.s.b.a.l.ConditionEvaluationReportLogger - 

Error starting ApplicationContext. To display the condition evaluation report re-run your application with 'debug' enabled.
2025-03-05 21:56:19 [restartedMain] ERROR o.s.b.d.LoggingFailureAnalysisReporter - 

***************************
APPLICATION FAILED TO START
***************************

Description:

Parameter 0 of constructor in com.accenture.controller.vehicule.VoitureController required a bean of type 'com.accenture.service.VoitureService' that could not be found.


Action:

Consider defining a bean of type 'com.accenture.service.VoitureService' in your configuration.

2025-03-05 22:01:53 [restartedMain] INFO  o.s.d.r.c.RepositoryConfigurationDelegate - Bootstrapping Spring Data JPA repositories in DEFAULT mode.
2025-03-05 22:01:53 [restartedMain] INFO  o.s.d.r.c.RepositoryConfigurationDelegate - Finished Spring Data repository scanning in 57 ms. Found 5 JPA repository interfaces.
2025-03-05 22:01:53 [restartedMain] INFO  o.s.b.w.e.tomcat.TomcatWebServer - Tomcat initialized with port 8080 (http)
2025-03-05 22:01:53 [restartedMain] INFO  o.s.b.w.s.c.ServletWebServerApplicationContext - Root WebApplicationContext: initialization completed in 2088 ms
2025-03-05 22:01:53 [restartedMain] INFO  o.h.jpa.internal.util.LogHelper - HHH000204: Processing PersistenceUnitInfo [name: default]
2025-03-05 22:01:53 [restartedMain] INFO  o.h.c.i.RegionFactoryInitiator - HHH000026: Second-level cache disabled
2025-03-05 22:01:53 [restartedMain] INFO  o.s.o.j.p.SpringPersistenceUnitInfo - No LoadTimeWeaver setup: ignoring JPA class transformer
2025-03-05 22:01:54 [restartedMain] WARN  org.hibernate.orm.deprecation - HHH90000025: PostgreSQLDialect does not need to be specified explicitly using 'hibernate.dialect' (remove the property setting and it will be selected by default)
2025-03-05 22:01:54 [restartedMain] INFO  o.hibernate.orm.connections.pooling - HHH10001005: Database info:
	Database JDBC URL [Connecting through datasource 'HikariDataSource (HikariPool-4)']
	Database driver: undefined/unknown
	Database version: 16.1
	Autocommit mode: undefined/unknown
	Isolation level: undefined/unknown
	Minimum pool size: undefined/unknown
	Maximum pool size: undefined/unknown
2025-03-05 22:01:54 [restartedMain] INFO  o.h.id.enhanced.TableGenerator - HHH000398: Explicit segment value for id generator [hibernate_sequences.sequence_name] suggested; using default [default]
2025-03-05 22:01:54 [restartedMain] INFO  o.h.e.t.j.p.i.JtaPlatformInitiator - HHH000489: No JTA platform available (set 'hibernate.transaction.jta.platform' to enable JTA platform integration)
2025-03-05 22:01:55 [restartedMain] INFO  o.s.o.j.LocalContainerEntityManagerFactoryBean - Initialized JPA EntityManagerFactory for persistence unit 'default'
2025-03-05 22:01:55 [restartedMain] WARN  o.s.b.w.s.c.AnnotationConfigServletWebServerApplicationContext - Exception encountered during context initialization - cancelling refresh attempt: org.springframework.beans.factory.UnsatisfiedDependencyException: Error creating bean with name 'clientController' defined in file [C:\Users\tianhong.huang\IdeaProjects\location_de_vehicules\target\classes\com\accenture\controller\utilisateur\ClientController.class]: Unsatisfied dependency expressed through constructor parameter 0: No qualifying bean of type 'com.accenture.service.ClientService' available: expected at least 1 bean which qualifies as autowire candidate. Dependency annotations: {}
2025-03-05 22:01:55 [restartedMain] INFO  o.s.o.j.LocalContainerEntityManagerFactoryBean - Closing JPA EntityManagerFactory for persistence unit 'default'
2025-03-05 22:01:55 [restartedMain] INFO  o.s.b.a.l.ConditionEvaluationReportLogger - 

Error starting ApplicationContext. To display the condition evaluation report re-run your application with 'debug' enabled.
2025-03-05 22:01:55 [restartedMain] ERROR o.s.b.d.LoggingFailureAnalysisReporter - 

***************************
APPLICATION FAILED TO START
***************************

Description:

Parameter 0 of constructor in com.accenture.controller.utilisateur.ClientController required a bean of type 'com.accenture.service.ClientService' that could not be found.


Action:

Consider defining a bean of type 'com.accenture.service.ClientService' in your configuration.

2025-03-05 22:02:12 [restartedMain] INFO  o.s.d.r.c.RepositoryConfigurationDelegate - Bootstrapping Spring Data JPA repositories in DEFAULT mode.
2025-03-05 22:02:12 [restartedMain] INFO  o.s.d.r.c.RepositoryConfigurationDelegate - Finished Spring Data repository scanning in 36 ms. Found 6 JPA repository interfaces.
2025-03-05 22:02:12 [restartedMain] INFO  o.s.b.w.e.tomcat.TomcatWebServer - Tomcat initialized with port 8080 (http)
2025-03-05 22:02:12 [restartedMain] INFO  o.s.b.w.s.c.ServletWebServerApplicationContext - Root WebApplicationContext: initialization completed in 1212 ms
2025-03-05 22:02:12 [restartedMain] INFO  o.h.jpa.internal.util.LogHelper - HHH000204: Processing PersistenceUnitInfo [name: default]
2025-03-05 22:02:12 [restartedMain] INFO  o.h.c.i.RegionFactoryInitiator - HHH000026: Second-level cache disabled
2025-03-05 22:02:12 [restartedMain] INFO  o.s.o.j.p.SpringPersistenceUnitInfo - No LoadTimeWeaver setup: ignoring JPA class transformer
2025-03-05 22:02:12 [restartedMain] WARN  org.hibernate.orm.deprecation - HHH90000025: PostgreSQLDialect does not need to be specified explicitly using 'hibernate.dialect' (remove the property setting and it will be selected by default)
2025-03-05 22:02:12 [restartedMain] INFO  o.hibernate.orm.connections.pooling - HHH10001005: Database info:
	Database JDBC URL [Connecting through datasource 'HikariDataSource (HikariPool-5)']
	Database driver: undefined/unknown
	Database version: 16.1
	Autocommit mode: undefined/unknown
	Isolation level: undefined/unknown
	Minimum pool size: undefined/unknown
	Maximum pool size: undefined/unknown
2025-03-05 22:02:12 [restartedMain] INFO  o.h.id.enhanced.TableGenerator - HHH000398: Explicit segment value for id generator [hibernate_sequences.sequence_name] suggested; using default [default]
2025-03-05 22:02:12 [restartedMain] INFO  o.h.e.t.j.p.i.JtaPlatformInitiator - HHH000489: No JTA platform available (set 'hibernate.transaction.jta.platform' to enable JTA platform integration)
2025-03-05 22:02:12 [restartedMain] INFO  o.s.o.j.LocalContainerEntityManagerFactoryBean - Initialized JPA EntityManagerFactory for persistence unit 'default'
2025-03-05 22:02:13 [restartedMain] WARN  o.s.b.a.o.j.JpaBaseConfiguration$JpaWebConfiguration - spring.jpa.open-in-view is enabled by default. Therefore, database queries may be performed during view rendering. Explicitly configure spring.jpa.open-in-view to disable this warning
2025-03-05 22:02:13 [restartedMain] INFO  o.s.s.p.JdbcUserDetailsManager - No authentication manager set. Reauthentication of users when changing passwords will not be performed.
2025-03-05 22:02:13 [restartedMain] INFO  o.s.s.c.a.a.c.InitializeUserDetailsBeanManagerConfigurer$InitializeUserDetailsManagerConfigurer - Global AuthenticationManager configured with UserDetailsService bean with name userDetailsManager
2025-03-05 22:02:13 [restartedMain] INFO  o.s.b.d.a.OptionalLiveReloadServer - LiveReload server is running on port 35729
2025-03-05 22:02:13 [restartedMain] INFO  o.s.b.w.e.tomcat.TomcatWebServer - Tomcat started on port 8080 (http) with context path '/'
2025-03-05 22:02:13 [restartedMain] INFO  o.s.b.d.a.ConditionEvaluationDeltaLoggingListener - Condition evaluation unchanged
2025-03-05 22:03:41 [SpringApplicationShutdownHook] INFO  o.s.b.w.e.tomcat.GracefulShutdown - Commencing graceful shutdown. Waiting for active requests to complete
2025-03-05 22:03:41 [tomcat-shutdown] INFO  o.s.b.w.e.tomcat.GracefulShutdown - Graceful shutdown complete
2025-03-05 22:03:41 [SpringApplicationShutdownHook] INFO  o.s.o.j.LocalContainerEntityManagerFactoryBean - Closing JPA EntityManagerFactory for persistence unit 'default'
2025-03-05 22:03:47 [background-preinit] INFO  o.h.validator.internal.util.Version - HV000001: Hibernate Validator 8.0.2.Final
2025-03-05 22:03:47 [restartedMain] INFO  o.s.b.d.e.DevToolsPropertyDefaultsPostProcessor - Devtools property defaults active! Set 'spring.devtools.add-properties' to 'false' to disable
2025-03-05 22:03:47 [restartedMain] INFO  o.s.b.d.e.DevToolsPropertyDefaultsPostProcessor - For additional web related logging consider setting the 'logging.level.web' property to 'DEBUG'
2025-03-05 22:03:49 [restartedMain] INFO  o.s.d.r.c.RepositoryConfigurationDelegate - Bootstrapping Spring Data JPA repositories in DEFAULT mode.
2025-03-05 22:03:50 [restartedMain] INFO  o.s.d.r.c.RepositoryConfigurationDelegate - Finished Spring Data repository scanning in 197 ms. Found 6 JPA repository interfaces.
2025-03-05 22:03:51 [restartedMain] INFO  o.s.b.w.e.tomcat.TomcatWebServer - Tomcat initialized with port 8080 (http)
2025-03-05 22:03:51 [restartedMain] INFO  o.s.b.w.s.c.ServletWebServerApplicationContext - Root WebApplicationContext: initialization completed in 4098 ms
2025-03-05 22:03:51 [restartedMain] INFO  o.h.jpa.internal.util.LogHelper - HHH000204: Processing PersistenceUnitInfo [name: default]
2025-03-05 22:03:52 [restartedMain] INFO  org.hibernate.Version - HHH000412: Hibernate ORM core version 6.6.5.Final
2025-03-05 22:03:52 [restartedMain] INFO  o.h.c.i.RegionFactoryInitiator - HHH000026: Second-level cache disabled
2025-03-05 22:03:52 [restartedMain] INFO  o.s.o.j.p.SpringPersistenceUnitInfo - No LoadTimeWeaver setup: ignoring JPA class transformer
2025-03-05 22:03:53 [restartedMain] WARN  org.hibernate.orm.deprecation - HHH90000025: PostgreSQLDialect does not need to be specified explicitly using 'hibernate.dialect' (remove the property setting and it will be selected by default)
2025-03-05 22:03:53 [restartedMain] INFO  o.hibernate.orm.connections.pooling - HHH10001005: Database info:
	Database JDBC URL [Connecting through datasource 'HikariDataSource (HikariPool-1)']
	Database driver: undefined/unknown
	Database version: 16.1
	Autocommit mode: undefined/unknown
	Isolation level: undefined/unknown
	Minimum pool size: undefined/unknown
	Maximum pool size: undefined/unknown
2025-03-05 22:03:53 [restartedMain] INFO  o.h.id.enhanced.TableGenerator - HHH000398: Explicit segment value for id generator [hibernate_sequences.sequence_name] suggested; using default [default]
2025-03-05 22:03:54 [restartedMain] INFO  o.h.e.t.j.p.i.JtaPlatformInitiator - HHH000489: No JTA platform available (set 'hibernate.transaction.jta.platform' to enable JTA platform integration)
2025-03-05 22:03:55 [restartedMain] INFO  o.s.o.j.LocalContainerEntityManagerFactoryBean - Initialized JPA EntityManagerFactory for persistence unit 'default'
2025-03-05 22:03:56 [restartedMain] WARN  o.s.b.a.o.j.JpaBaseConfiguration$JpaWebConfiguration - spring.jpa.open-in-view is enabled by default. Therefore, database queries may be performed during view rendering. Explicitly configure spring.jpa.open-in-view to disable this warning
2025-03-05 22:03:56 [restartedMain] INFO  o.s.s.p.JdbcUserDetailsManager - No authentication manager set. Reauthentication of users when changing passwords will not be performed.
2025-03-05 22:03:56 [restartedMain] INFO  o.s.s.c.a.a.c.InitializeUserDetailsBeanManagerConfigurer$InitializeUserDetailsManagerConfigurer - Global AuthenticationManager configured with UserDetailsService bean with name userDetailsManager
2025-03-05 22:03:57 [restartedMain] INFO  o.s.b.d.a.OptionalLiveReloadServer - LiveReload server is running on port 35729
2025-03-05 22:03:57 [restartedMain] INFO  o.s.b.w.e.tomcat.TomcatWebServer - Tomcat started on port 8080 (http) with context path '/'
2025-03-05 22:06:14 [http-nio-8080-exec-2] INFO  o.s.web.servlet.DispatcherServlet - Initializing Servlet 'dispatcherServlet'
2025-03-05 22:06:14 [http-nio-8080-exec-2] INFO  o.s.web.servlet.DispatcherServlet - Completed initialization in 0 ms
2025-03-05 22:08:19 [http-nio-8080-exec-6] WARN  o.s.w.s.m.m.a.ExceptionHandlerExceptionResolver - Resolved [org.springframework.web.bind.MethodArgumentNotValidException: Validation failed for argument [1] in org.springframework.http.ResponseEntity<java.lang.Void> com.accenture.controller.location.LocationController.ajouter(java.security.Principal,com.accenture.service.dto.location.LocationRequestDto): [Field error in object 'locationRequestDto' on field 'kilometrage': rejected value [null]; codes [NotNull.locationRequestDto.kilometrage,NotNull.kilometrage,NotNull.java.lang.Integer,NotNull]; arguments [org.springframework.context.support.DefaultMessageSourceResolvable: codes [locationRequestDto.kilometrage,kilometrage]; arguments []; default message [kilometrage]]; default message [Kilometres parcours est obligatoire]] ]
2025-03-05 22:11:30 [SpringApplicationShutdownHook] INFO  o.s.b.w.e.tomcat.GracefulShutdown - Commencing graceful shutdown. Waiting for active requests to complete
2025-03-05 22:11:30 [tomcat-shutdown] INFO  o.s.b.w.e.tomcat.GracefulShutdown - Graceful shutdown complete
2025-03-05 22:11:30 [SpringApplicationShutdownHook] INFO  o.s.o.j.LocalContainerEntityManagerFactoryBean - Closing JPA EntityManagerFactory for persistence unit 'default'
2025-03-05 22:11:37 [background-preinit] INFO  o.h.validator.internal.util.Version - HV000001: Hibernate Validator 8.0.2.Final
2025-03-05 22:11:37 [restartedMain] INFO  o.s.b.d.e.DevToolsPropertyDefaultsPostProcessor - Devtools property defaults active! Set 'spring.devtools.add-properties' to 'false' to disable
2025-03-05 22:11:37 [restartedMain] INFO  o.s.b.d.e.DevToolsPropertyDefaultsPostProcessor - For additional web related logging consider setting the 'logging.level.web' property to 'DEBUG'
2025-03-05 22:11:39 [restartedMain] INFO  o.s.d.r.c.RepositoryConfigurationDelegate - Bootstrapping Spring Data JPA repositories in DEFAULT mode.
2025-03-05 22:11:39 [restartedMain] INFO  o.s.d.r.c.RepositoryConfigurationDelegate - Finished Spring Data repository scanning in 135 ms. Found 6 JPA repository interfaces.
2025-03-05 22:11:40 [restartedMain] INFO  o.s.b.w.e.tomcat.TomcatWebServer - Tomcat initialized with port 8080 (http)
2025-03-05 22:11:41 [restartedMain] INFO  o.s.b.w.s.c.ServletWebServerApplicationContext - Root WebApplicationContext: initialization completed in 3442 ms
2025-03-05 22:11:41 [restartedMain] INFO  o.h.jpa.internal.util.LogHelper - HHH000204: Processing PersistenceUnitInfo [name: default]
2025-03-05 22:11:41 [restartedMain] INFO  org.hibernate.Version - HHH000412: Hibernate ORM core version 6.6.5.Final
2025-03-05 22:11:41 [restartedMain] INFO  o.h.c.i.RegionFactoryInitiator - HHH000026: Second-level cache disabled
2025-03-05 22:11:42 [restartedMain] INFO  o.s.o.j.p.SpringPersistenceUnitInfo - No LoadTimeWeaver setup: ignoring JPA class transformer
2025-03-05 22:11:42 [restartedMain] WARN  org.hibernate.orm.deprecation - HHH90000025: PostgreSQLDialect does not need to be specified explicitly using 'hibernate.dialect' (remove the property setting and it will be selected by default)
2025-03-05 22:11:42 [restartedMain] INFO  o.hibernate.orm.connections.pooling - HHH10001005: Database info:
	Database JDBC URL [Connecting through datasource 'HikariDataSource (HikariPool-1)']
	Database driver: undefined/unknown
	Database version: 16.1
	Autocommit mode: undefined/unknown
	Isolation level: undefined/unknown
	Minimum pool size: undefined/unknown
	Maximum pool size: undefined/unknown
2025-03-05 22:11:43 [restartedMain] INFO  o.h.id.enhanced.TableGenerator - HHH000398: Explicit segment value for id generator [hibernate_sequences.sequence_name] suggested; using default [default]
2025-03-05 22:11:44 [restartedMain] INFO  o.h.e.t.j.p.i.JtaPlatformInitiator - HHH000489: No JTA platform available (set 'hibernate.transaction.jta.platform' to enable JTA platform integration)
2025-03-05 22:11:44 [restartedMain] INFO  o.s.o.j.LocalContainerEntityManagerFactoryBean - Initialized JPA EntityManagerFactory for persistence unit 'default'
2025-03-05 22:11:45 [restartedMain] WARN  o.s.b.a.o.j.JpaBaseConfiguration$JpaWebConfiguration - spring.jpa.open-in-view is enabled by default. Therefore, database queries may be performed during view rendering. Explicitly configure spring.jpa.open-in-view to disable this warning
2025-03-05 22:11:45 [restartedMain] INFO  o.s.s.p.JdbcUserDetailsManager - No authentication manager set. Reauthentication of users when changing passwords will not be performed.
2025-03-05 22:11:45 [restartedMain] INFO  o.s.s.c.a.a.c.InitializeUserDetailsBeanManagerConfigurer$InitializeUserDetailsManagerConfigurer - Global AuthenticationManager configured with UserDetailsService bean with name userDetailsManager
2025-03-05 22:11:47 [restartedMain] INFO  o.s.b.d.a.OptionalLiveReloadServer - LiveReload server is running on port 35729
2025-03-05 22:11:47 [restartedMain] INFO  o.s.b.w.e.tomcat.TomcatWebServer - Tomcat started on port 8080 (http) with context path '/'
2025-03-05 22:12:15 [http-nio-8080-exec-1] INFO  o.s.web.servlet.DispatcherServlet - Initializing Servlet 'dispatcherServlet'
2025-03-05 22:12:15 [http-nio-8080-exec-1] INFO  o.s.web.servlet.DispatcherServlet - Completed initialization in 0 ms
2025-03-05 22:13:08 [SpringApplicationShutdownHook] INFO  o.s.b.w.e.tomcat.GracefulShutdown - Commencing graceful shutdown. Waiting for active requests to complete
2025-03-05 22:13:08 [tomcat-shutdown] INFO  o.s.b.w.e.tomcat.GracefulShutdown - Graceful shutdown complete
2025-03-05 22:13:08 [SpringApplicationShutdownHook] INFO  o.s.o.j.LocalContainerEntityManagerFactoryBean - Closing JPA EntityManagerFactory for persistence unit 'default'
2025-03-05 22:13:58 [background-preinit] INFO  o.h.validator.internal.util.Version - HV000001: Hibernate Validator 8.0.2.Final
2025-03-05 22:13:58 [restartedMain] INFO  o.s.b.d.e.DevToolsPropertyDefaultsPostProcessor - Devtools property defaults active! Set 'spring.devtools.add-properties' to 'false' to disable
2025-03-05 22:13:58 [restartedMain] INFO  o.s.b.d.e.DevToolsPropertyDefaultsPostProcessor - For additional web related logging consider setting the 'logging.level.web' property to 'DEBUG'
2025-03-05 22:14:00 [restartedMain] INFO  o.s.d.r.c.RepositoryConfigurationDelegate - Bootstrapping Spring Data JPA repositories in DEFAULT mode.
2025-03-05 22:14:00 [restartedMain] INFO  o.s.d.r.c.RepositoryConfigurationDelegate - Finished Spring Data repository scanning in 159 ms. Found 6 JPA repository interfaces.
2025-03-05 22:14:01 [restartedMain] INFO  o.s.b.w.e.tomcat.TomcatWebServer - Tomcat initialized with port 8080 (http)
2025-03-05 22:14:01 [restartedMain] INFO  o.s.b.w.s.c.ServletWebServerApplicationContext - Root WebApplicationContext: initialization completed in 3068 ms
2025-03-05 22:14:01 [restartedMain] INFO  o.h.jpa.internal.util.LogHelper - HHH000204: Processing PersistenceUnitInfo [name: default]
2025-03-05 22:14:02 [restartedMain] INFO  org.hibernate.Version - HHH000412: Hibernate ORM core version 6.6.5.Final
2025-03-05 22:14:02 [restartedMain] INFO  o.h.c.i.RegionFactoryInitiator - HHH000026: Second-level cache disabled
2025-03-05 22:14:02 [restartedMain] INFO  o.s.o.j.p.SpringPersistenceUnitInfo - No LoadTimeWeaver setup: ignoring JPA class transformer
2025-03-05 22:14:02 [restartedMain] WARN  org.hibernate.orm.deprecation - HHH90000025: PostgreSQLDialect does not need to be specified explicitly using 'hibernate.dialect' (remove the property setting and it will be selected by default)
2025-03-05 22:14:02 [restartedMain] INFO  o.hibernate.orm.connections.pooling - HHH10001005: Database info:
	Database JDBC URL [Connecting through datasource 'HikariDataSource (HikariPool-1)']
	Database driver: undefined/unknown
	Database version: 16.1
	Autocommit mode: undefined/unknown
	Isolation level: undefined/unknown
	Minimum pool size: undefined/unknown
	Maximum pool size: undefined/unknown
2025-03-05 22:14:03 [restartedMain] INFO  o.h.id.enhanced.TableGenerator - HHH000398: Explicit segment value for id generator [hibernate_sequences.sequence_name] suggested; using default [default]
2025-03-05 22:14:04 [restartedMain] INFO  o.h.e.t.j.p.i.JtaPlatformInitiator - HHH000489: No JTA platform available (set 'hibernate.transaction.jta.platform' to enable JTA platform integration)
2025-03-05 22:14:04 [restartedMain] INFO  o.s.o.j.LocalContainerEntityManagerFactoryBean - Initialized JPA EntityManagerFactory for persistence unit 'default'
2025-03-05 22:14:05 [restartedMain] WARN  o.s.b.a.o.j.JpaBaseConfiguration$JpaWebConfiguration - spring.jpa.open-in-view is enabled by default. Therefore, database queries may be performed during view rendering. Explicitly configure spring.jpa.open-in-view to disable this warning
2025-03-05 22:14:05 [restartedMain] INFO  o.s.s.p.JdbcUserDetailsManager - No authentication manager set. Reauthentication of users when changing passwords will not be performed.
2025-03-05 22:14:05 [restartedMain] INFO  o.s.s.c.a.a.c.InitializeUserDetailsBeanManagerConfigurer$InitializeUserDetailsManagerConfigurer - Global AuthenticationManager configured with UserDetailsService bean with name userDetailsManager
2025-03-05 22:14:06 [restartedMain] INFO  o.s.b.d.a.OptionalLiveReloadServer - LiveReload server is running on port 35729
2025-03-05 22:14:06 [restartedMain] INFO  o.s.b.w.e.tomcat.TomcatWebServer - Tomcat started on port 8080 (http) with context path '/'
2025-03-05 22:14:13 [http-nio-8080-exec-1] INFO  o.s.web.servlet.DispatcherServlet - Initializing Servlet 'dispatcherServlet'
2025-03-05 22:14:13 [http-nio-8080-exec-1] INFO  o.s.web.servlet.DispatcherServlet - Completed initialization in 0 ms
2025-03-05 22:14:53 [SpringApplicationShutdownHook] INFO  o.s.b.w.e.tomcat.GracefulShutdown - Commencing graceful shutdown. Waiting for active requests to complete
2025-03-05 22:14:53 [tomcat-shutdown] INFO  o.s.b.w.e.tomcat.GracefulShutdown - Graceful shutdown complete
2025-03-05 22:14:53 [SpringApplicationShutdownHook] INFO  o.s.o.j.LocalContainerEntityManagerFactoryBean - Closing JPA EntityManagerFactory for persistence unit 'default'
2025-03-05 22:15:02 [background-preinit] INFO  o.h.validator.internal.util.Version - HV000001: Hibernate Validator 8.0.2.Final
2025-03-05 22:15:02 [restartedMain] INFO  o.s.b.d.e.DevToolsPropertyDefaultsPostProcessor - Devtools property defaults active! Set 'spring.devtools.add-properties' to 'false' to disable
2025-03-05 22:15:02 [restartedMain] INFO  o.s.b.d.e.DevToolsPropertyDefaultsPostProcessor - For additional web related logging consider setting the 'logging.level.web' property to 'DEBUG'
2025-03-05 22:15:03 [restartedMain] INFO  o.s.d.r.c.RepositoryConfigurationDelegate - Bootstrapping Spring Data JPA repositories in DEFAULT mode.
2025-03-05 22:15:04 [restartedMain] INFO  o.s.d.r.c.RepositoryConfigurationDelegate - Finished Spring Data repository scanning in 103 ms. Found 6 JPA repository interfaces.
2025-03-05 22:15:05 [restartedMain] INFO  o.s.b.w.e.tomcat.TomcatWebServer - Tomcat initialized with port 8080 (http)
2025-03-05 22:15:05 [restartedMain] INFO  o.s.b.w.s.c.ServletWebServerApplicationContext - Root WebApplicationContext: initialization completed in 2975 ms
2025-03-05 22:15:05 [restartedMain] INFO  o.h.jpa.internal.util.LogHelper - HHH000204: Processing PersistenceUnitInfo [name: default]
2025-03-05 22:15:05 [restartedMain] INFO  org.hibernate.Version - HHH000412: Hibernate ORM core version 6.6.5.Final
2025-03-05 22:15:05 [restartedMain] INFO  o.h.c.i.RegionFactoryInitiator - HHH000026: Second-level cache disabled
2025-03-05 22:15:06 [restartedMain] INFO  o.s.o.j.p.SpringPersistenceUnitInfo - No LoadTimeWeaver setup: ignoring JPA class transformer
2025-03-05 22:15:06 [restartedMain] WARN  org.hibernate.orm.deprecation - HHH90000025: PostgreSQLDialect does not need to be specified explicitly using 'hibernate.dialect' (remove the property setting and it will be selected by default)
2025-03-05 22:15:06 [restartedMain] INFO  o.hibernate.orm.connections.pooling - HHH10001005: Database info:
	Database JDBC URL [Connecting through datasource 'HikariDataSource (HikariPool-1)']
	Database driver: undefined/unknown
	Database version: 16.1
	Autocommit mode: undefined/unknown
	Isolation level: undefined/unknown
	Minimum pool size: undefined/unknown
	Maximum pool size: undefined/unknown
2025-03-05 22:15:07 [restartedMain] INFO  o.h.id.enhanced.TableGenerator - HHH000398: Explicit segment value for id generator [hibernate_sequences.sequence_name] suggested; using default [default]
2025-03-05 22:15:08 [restartedMain] INFO  o.h.e.t.j.p.i.JtaPlatformInitiator - HHH000489: No JTA platform available (set 'hibernate.transaction.jta.platform' to enable JTA platform integration)
2025-03-05 22:15:08 [restartedMain] INFO  o.s.o.j.LocalContainerEntityManagerFactoryBean - Initialized JPA EntityManagerFactory for persistence unit 'default'
2025-03-05 22:15:10 [restartedMain] WARN  o.s.b.a.o.j.JpaBaseConfiguration$JpaWebConfiguration - spring.jpa.open-in-view is enabled by default. Therefore, database queries may be performed during view rendering. Explicitly configure spring.jpa.open-in-view to disable this warning
2025-03-05 22:15:10 [restartedMain] INFO  o.s.s.p.JdbcUserDetailsManager - No authentication manager set. Reauthentication of users when changing passwords will not be performed.
2025-03-05 22:15:10 [restartedMain] INFO  o.s.s.c.a.a.c.InitializeUserDetailsBeanManagerConfigurer$InitializeUserDetailsManagerConfigurer - Global AuthenticationManager configured with UserDetailsService bean with name userDetailsManager
2025-03-05 22:15:11 [restartedMain] INFO  o.s.b.d.a.OptionalLiveReloadServer - LiveReload server is running on port 35729
2025-03-05 22:15:11 [restartedMain] INFO  o.s.b.w.e.tomcat.TomcatWebServer - Tomcat started on port 8080 (http) with context path '/'
2025-03-05 22:15:17 [http-nio-8080-exec-1] INFO  o.s.web.servlet.DispatcherServlet - Initializing Servlet 'dispatcherServlet'
2025-03-05 22:15:17 [http-nio-8080-exec-1] INFO  o.s.web.servlet.DispatcherServlet - Completed initialization in 3 ms
2025-03-05 22:17:11 [SpringApplicationShutdownHook] INFO  o.s.b.w.e.tomcat.GracefulShutdown - Commencing graceful shutdown. Waiting for active requests to complete
2025-03-05 22:17:11 [tomcat-shutdown] INFO  o.s.b.w.e.tomcat.GracefulShutdown - Graceful shutdown complete
2025-03-05 22:17:11 [SpringApplicationShutdownHook] INFO  o.s.o.j.LocalContainerEntityManagerFactoryBean - Closing JPA EntityManagerFactory for persistence unit 'default'
2025-03-05 22:17:21 [background-preinit] INFO  o.h.validator.internal.util.Version - HV000001: Hibernate Validator 8.0.2.Final
2025-03-05 22:17:21 [restartedMain] INFO  o.s.b.d.e.DevToolsPropertyDefaultsPostProcessor - Devtools property defaults active! Set 'spring.devtools.add-properties' to 'false' to disable
2025-03-05 22:17:21 [restartedMain] INFO  o.s.b.d.e.DevToolsPropertyDefaultsPostProcessor - For additional web related logging consider setting the 'logging.level.web' property to 'DEBUG'
2025-03-05 22:17:23 [restartedMain] INFO  o.s.d.r.c.RepositoryConfigurationDelegate - Bootstrapping Spring Data JPA repositories in DEFAULT mode.
2025-03-05 22:17:23 [restartedMain] INFO  o.s.d.r.c.RepositoryConfigurationDelegate - Finished Spring Data repository scanning in 147 ms. Found 6 JPA repository interfaces.
2025-03-05 22:17:25 [restartedMain] INFO  o.s.b.w.e.tomcat.TomcatWebServer - Tomcat initialized with port 8080 (http)
2025-03-05 22:17:25 [restartedMain] INFO  o.s.b.w.s.c.ServletWebServerApplicationContext - Root WebApplicationContext: initialization completed in 3394 ms
2025-03-05 22:17:25 [restartedMain] INFO  o.h.jpa.internal.util.LogHelper - HHH000204: Processing PersistenceUnitInfo [name: default]
2025-03-05 22:17:25 [restartedMain] INFO  org.hibernate.Version - HHH000412: Hibernate ORM core version 6.6.5.Final
2025-03-05 22:17:25 [restartedMain] INFO  o.h.c.i.RegionFactoryInitiator - HHH000026: Second-level cache disabled
2025-03-05 22:17:26 [restartedMain] INFO  o.s.o.j.p.SpringPersistenceUnitInfo - No LoadTimeWeaver setup: ignoring JPA class transformer
2025-03-05 22:17:26 [restartedMain] WARN  org.hibernate.orm.deprecation - HHH90000025: PostgreSQLDialect does not need to be specified explicitly using 'hibernate.dialect' (remove the property setting and it will be selected by default)
2025-03-05 22:17:26 [restartedMain] INFO  o.hibernate.orm.connections.pooling - HHH10001005: Database info:
	Database JDBC URL [Connecting through datasource 'HikariDataSource (HikariPool-1)']
	Database driver: undefined/unknown
	Database version: 16.1
	Autocommit mode: undefined/unknown
	Isolation level: undefined/unknown
	Minimum pool size: undefined/unknown
	Maximum pool size: undefined/unknown
2025-03-05 22:17:26 [restartedMain] INFO  o.h.id.enhanced.TableGenerator - HHH000398: Explicit segment value for id generator [hibernate_sequences.sequence_name] suggested; using default [default]
2025-03-05 22:17:28 [restartedMain] INFO  o.h.e.t.j.p.i.JtaPlatformInitiator - HHH000489: No JTA platform available (set 'hibernate.transaction.jta.platform' to enable JTA platform integration)
2025-03-05 22:17:28 [restartedMain] INFO  o.s.o.j.LocalContainerEntityManagerFactoryBean - Initialized JPA EntityManagerFactory for persistence unit 'default'
2025-03-05 22:17:30 [restartedMain] WARN  o.s.b.a.o.j.JpaBaseConfiguration$JpaWebConfiguration - spring.jpa.open-in-view is enabled by default. Therefore, database queries may be performed during view rendering. Explicitly configure spring.jpa.open-in-view to disable this warning
2025-03-05 22:17:30 [restartedMain] INFO  o.s.s.p.JdbcUserDetailsManager - No authentication manager set. Reauthentication of users when changing passwords will not be performed.
2025-03-05 22:17:30 [restartedMain] INFO  o.s.s.c.a.a.c.InitializeUserDetailsBeanManagerConfigurer$InitializeUserDetailsManagerConfigurer - Global AuthenticationManager configured with UserDetailsService bean with name userDetailsManager
2025-03-05 22:17:31 [restartedMain] INFO  o.s.b.d.a.OptionalLiveReloadServer - LiveReload server is running on port 35729
2025-03-05 22:17:31 [restartedMain] INFO  o.s.b.w.e.tomcat.TomcatWebServer - Tomcat started on port 8080 (http) with context path '/'
2025-03-05 22:18:30 [http-nio-8080-exec-1] INFO  o.s.web.servlet.DispatcherServlet - Initializing Servlet 'dispatcherServlet'
2025-03-05 22:18:30 [http-nio-8080-exec-1] INFO  o.s.web.servlet.DispatcherServlet - Completed initialization in 0 ms
2025-03-05 22:22:31 [SpringApplicationShutdownHook] INFO  o.s.b.w.e.tomcat.GracefulShutdown - Commencing graceful shutdown. Waiting for active requests to complete
2025-03-05 22:22:31 [tomcat-shutdown] INFO  o.s.b.w.e.tomcat.GracefulShutdown - Graceful shutdown complete
2025-03-05 22:22:31 [SpringApplicationShutdownHook] INFO  o.s.o.j.LocalContainerEntityManagerFactoryBean - Closing JPA EntityManagerFactory for persistence unit 'default'
2025-03-05 22:22:42 [background-preinit] INFO  o.h.validator.internal.util.Version - HV000001: Hibernate Validator 8.0.2.Final
2025-03-05 22:22:43 [restartedMain] INFO  o.s.b.d.e.DevToolsPropertyDefaultsPostProcessor - Devtools property defaults active! Set 'spring.devtools.add-properties' to 'false' to disable
2025-03-05 22:22:43 [restartedMain] INFO  o.s.b.d.e.DevToolsPropertyDefaultsPostProcessor - For additional web related logging consider setting the 'logging.level.web' property to 'DEBUG'
2025-03-05 22:22:45 [restartedMain] INFO  o.s.d.r.c.RepositoryConfigurationDelegate - Bootstrapping Spring Data JPA repositories in DEFAULT mode.
2025-03-05 22:22:45 [restartedMain] INFO  o.s.d.r.c.RepositoryConfigurationDelegate - Finished Spring Data repository scanning in 199 ms. Found 6 JPA repository interfaces.
2025-03-05 22:22:46 [restartedMain] INFO  o.s.b.w.e.tomcat.TomcatWebServer - Tomcat initialized with port 8080 (http)
2025-03-05 22:22:47 [restartedMain] INFO  o.s.b.w.s.c.ServletWebServerApplicationContext - Root WebApplicationContext: initialization completed in 3974 ms
2025-03-05 22:22:47 [restartedMain] INFO  o.h.jpa.internal.util.LogHelper - HHH000204: Processing PersistenceUnitInfo [name: default]
2025-03-05 22:22:47 [restartedMain] INFO  org.hibernate.Version - HHH000412: Hibernate ORM core version 6.6.5.Final
2025-03-05 22:22:47 [restartedMain] INFO  o.h.c.i.RegionFactoryInitiator - HHH000026: Second-level cache disabled
2025-03-05 22:22:48 [restartedMain] INFO  o.s.o.j.p.SpringPersistenceUnitInfo - No LoadTimeWeaver setup: ignoring JPA class transformer
2025-03-05 22:22:48 [restartedMain] WARN  org.hibernate.orm.deprecation - HHH90000025: PostgreSQLDialect does not need to be specified explicitly using 'hibernate.dialect' (remove the property setting and it will be selected by default)
2025-03-05 22:22:48 [restartedMain] INFO  o.hibernate.orm.connections.pooling - HHH10001005: Database info:
	Database JDBC URL [Connecting through datasource 'HikariDataSource (HikariPool-1)']
	Database driver: undefined/unknown
	Database version: 16.1
	Autocommit mode: undefined/unknown
	Isolation level: undefined/unknown
	Minimum pool size: undefined/unknown
	Maximum pool size: undefined/unknown
2025-03-05 22:22:48 [restartedMain] INFO  o.h.id.enhanced.TableGenerator - HHH000398: Explicit segment value for id generator [hibernate_sequences.sequence_name] suggested; using default [default]
2025-03-05 22:22:49 [restartedMain] INFO  o.h.e.t.j.p.i.JtaPlatformInitiator - HHH000489: No JTA platform available (set 'hibernate.transaction.jta.platform' to enable JTA platform integration)
2025-03-05 22:22:50 [restartedMain] INFO  o.s.o.j.LocalContainerEntityManagerFactoryBean - Initialized JPA EntityManagerFactory for persistence unit 'default'
2025-03-05 22:22:51 [restartedMain] WARN  o.s.b.a.o.j.JpaBaseConfiguration$JpaWebConfiguration - spring.jpa.open-in-view is enabled by default. Therefore, database queries may be performed during view rendering. Explicitly configure spring.jpa.open-in-view to disable this warning
2025-03-05 22:22:51 [restartedMain] INFO  o.s.s.p.JdbcUserDetailsManager - No authentication manager set. Reauthentication of users when changing passwords will not be performed.
2025-03-05 22:22:51 [restartedMain] INFO  o.s.s.c.a.a.c.InitializeUserDetailsBeanManagerConfigurer$InitializeUserDetailsManagerConfigurer - Global AuthenticationManager configured with UserDetailsService bean with name userDetailsManager
2025-03-05 22:22:52 [restartedMain] INFO  o.s.b.d.a.OptionalLiveReloadServer - LiveReload server is running on port 35729
2025-03-05 22:22:52 [restartedMain] INFO  o.s.b.w.e.tomcat.TomcatWebServer - Tomcat started on port 8080 (http) with context path '/'
2025-03-05 22:23:00 [http-nio-8080-exec-1] INFO  o.s.web.servlet.DispatcherServlet - Initializing Servlet 'dispatcherServlet'
2025-03-05 22:23:00 [http-nio-8080-exec-1] INFO  o.s.web.servlet.DispatcherServlet - Completed initialization in 0 ms
2025-03-05 22:24:48 [SpringApplicationShutdownHook] INFO  o.s.b.w.e.tomcat.GracefulShutdown - Commencing graceful shutdown. Waiting for active requests to complete
2025-03-05 22:24:48 [tomcat-shutdown] INFO  o.s.b.w.e.tomcat.GracefulShutdown - Graceful shutdown complete
2025-03-05 22:24:48 [SpringApplicationShutdownHook] INFO  o.s.o.j.LocalContainerEntityManagerFactoryBean - Closing JPA EntityManagerFactory for persistence unit 'default'
2025-03-05 22:24:52 [background-preinit] INFO  o.h.validator.internal.util.Version - HV000001: Hibernate Validator 8.0.2.Final
2025-03-05 22:24:53 [restartedMain] INFO  o.s.b.d.e.DevToolsPropertyDefaultsPostProcessor - Devtools property defaults active! Set 'spring.devtools.add-properties' to 'false' to disable
2025-03-05 22:24:53 [restartedMain] INFO  o.s.b.d.e.DevToolsPropertyDefaultsPostProcessor - For additional web related logging consider setting the 'logging.level.web' property to 'DEBUG'
2025-03-05 22:24:54 [restartedMain] INFO  o.s.d.r.c.RepositoryConfigurationDelegate - Bootstrapping Spring Data JPA repositories in DEFAULT mode.
2025-03-05 22:24:55 [restartedMain] INFO  o.s.d.r.c.RepositoryConfigurationDelegate - Finished Spring Data repository scanning in 125 ms. Found 6 JPA repository interfaces.
2025-03-05 22:24:56 [restartedMain] INFO  o.s.b.w.e.tomcat.TomcatWebServer - Tomcat initialized with port 8080 (http)
2025-03-05 22:24:56 [restartedMain] INFO  o.s.b.w.s.c.ServletWebServerApplicationContext - Root WebApplicationContext: initialization completed in 3366 ms
2025-03-05 22:24:56 [restartedMain] INFO  o.h.jpa.internal.util.LogHelper - HHH000204: Processing PersistenceUnitInfo [name: default]
2025-03-05 22:24:56 [restartedMain] INFO  org.hibernate.Version - HHH000412: Hibernate ORM core version 6.6.5.Final
2025-03-05 22:24:57 [restartedMain] INFO  o.h.c.i.RegionFactoryInitiator - HHH000026: Second-level cache disabled
2025-03-05 22:24:57 [restartedMain] INFO  o.s.o.j.p.SpringPersistenceUnitInfo - No LoadTimeWeaver setup: ignoring JPA class transformer
2025-03-05 22:24:57 [restartedMain] WARN  org.hibernate.orm.deprecation - HHH90000025: PostgreSQLDialect does not need to be specified explicitly using 'hibernate.dialect' (remove the property setting and it will be selected by default)
2025-03-05 22:24:58 [restartedMain] INFO  o.hibernate.orm.connections.pooling - HHH10001005: Database info:
	Database JDBC URL [Connecting through datasource 'HikariDataSource (HikariPool-1)']
	Database driver: undefined/unknown
	Database version: 16.1
	Autocommit mode: undefined/unknown
	Isolation level: undefined/unknown
	Minimum pool size: undefined/unknown
	Maximum pool size: undefined/unknown
2025-03-05 22:24:58 [restartedMain] INFO  o.h.id.enhanced.TableGenerator - HHH000398: Explicit segment value for id generator [hibernate_sequences.sequence_name] suggested; using default [default]
2025-03-05 22:24:59 [restartedMain] INFO  o.h.e.t.j.p.i.JtaPlatformInitiator - HHH000489: No JTA platform available (set 'hibernate.transaction.jta.platform' to enable JTA platform integration)
2025-03-05 22:25:00 [restartedMain] INFO  o.s.o.j.LocalContainerEntityManagerFactoryBean - Initialized JPA EntityManagerFactory for persistence unit 'default'
2025-03-05 22:25:01 [restartedMain] WARN  o.s.b.a.o.j.JpaBaseConfiguration$JpaWebConfiguration - spring.jpa.open-in-view is enabled by default. Therefore, database queries may be performed during view rendering. Explicitly configure spring.jpa.open-in-view to disable this warning
2025-03-05 22:25:01 [restartedMain] INFO  o.s.s.p.JdbcUserDetailsManager - No authentication manager set. Reauthentication of users when changing passwords will not be performed.
2025-03-05 22:25:01 [restartedMain] INFO  o.s.s.c.a.a.c.InitializeUserDetailsBeanManagerConfigurer$InitializeUserDetailsManagerConfigurer - Global AuthenticationManager configured with UserDetailsService bean with name userDetailsManager
2025-03-05 22:25:02 [restartedMain] INFO  o.s.b.d.a.OptionalLiveReloadServer - LiveReload server is running on port 35729
2025-03-05 22:25:02 [restartedMain] INFO  o.s.b.w.e.tomcat.TomcatWebServer - Tomcat started on port 8080 (http) with context path '/'
2025-03-05 22:25:32 [http-nio-8080-exec-3] INFO  o.s.web.servlet.DispatcherServlet - Initializing Servlet 'dispatcherServlet'
2025-03-05 22:25:32 [http-nio-8080-exec-3] INFO  o.s.web.servlet.DispatcherServlet - Completed initialization in 0 ms
2025-03-05 22:38:11 [File Watcher] INFO  o.s.b.d.a.LocalDevToolsAutoConfiguration$RestartingClassPathChangeChangedEventListener - Restarting due to 6 class path changes (0 additions, 6 deletions, 0 modifications)
2025-03-05 22:38:11 [Thread-5] INFO  o.s.b.w.e.tomcat.GracefulShutdown - Commencing graceful shutdown. Waiting for active requests to complete
2025-03-05 22:38:11 [tomcat-shutdown] INFO  o.s.b.w.e.tomcat.GracefulShutdown - Graceful shutdown complete
2025-03-05 22:38:11 [Thread-5] INFO  o.s.o.j.LocalContainerEntityManagerFactoryBean - Closing JPA EntityManagerFactory for persistence unit 'default'
2025-03-05 22:38:12 [restartedMain] INFO  o.s.d.r.c.RepositoryConfigurationDelegate - Bootstrapping Spring Data JPA repositories in DEFAULT mode.
2025-03-05 22:38:12 [restartedMain] INFO  o.s.d.r.c.RepositoryConfigurationDelegate - Finished Spring Data repository scanning in 144 ms. Found 6 JPA repository interfaces.
2025-03-05 22:38:13 [restartedMain] INFO  o.s.b.w.e.tomcat.TomcatWebServer - Tomcat initialized with port 8080 (http)
2025-03-05 22:38:13 [restartedMain] INFO  o.s.b.w.s.c.ServletWebServerApplicationContext - Root WebApplicationContext: initialization completed in 1937 ms
2025-03-05 22:38:13 [restartedMain] INFO  o.h.jpa.internal.util.LogHelper - HHH000204: Processing PersistenceUnitInfo [name: default]
2025-03-05 22:38:13 [restartedMain] INFO  o.h.c.i.RegionFactoryInitiator - HHH000026: Second-level cache disabled
2025-03-05 22:38:13 [restartedMain] INFO  o.s.o.j.p.SpringPersistenceUnitInfo - No LoadTimeWeaver setup: ignoring JPA class transformer
2025-03-05 22:38:13 [restartedMain] WARN  org.hibernate.orm.deprecation - HHH90000025: PostgreSQLDialect does not need to be specified explicitly using 'hibernate.dialect' (remove the property setting and it will be selected by default)
2025-03-05 22:38:13 [restartedMain] INFO  o.hibernate.orm.connections.pooling - HHH10001005: Database info:
	Database JDBC URL [Connecting through datasource 'HikariDataSource (HikariPool-2)']
	Database driver: undefined/unknown
	Database version: 16.1
	Autocommit mode: undefined/unknown
	Isolation level: undefined/unknown
	Minimum pool size: undefined/unknown
	Maximum pool size: undefined/unknown
2025-03-05 22:38:14 [restartedMain] INFO  o.h.id.enhanced.TableGenerator - HHH000398: Explicit segment value for id generator [hibernate_sequences.sequence_name] suggested; using default [default]
2025-03-05 22:38:14 [restartedMain] INFO  o.h.e.t.j.p.i.JtaPlatformInitiator - HHH000489: No JTA platform available (set 'hibernate.transaction.jta.platform' to enable JTA platform integration)
2025-03-05 22:38:15 [restartedMain] INFO  o.s.o.j.LocalContainerEntityManagerFactoryBean - Initialized JPA EntityManagerFactory for persistence unit 'default'
2025-03-05 22:38:15 [restartedMain] WARN  o.s.b.w.s.c.AnnotationConfigServletWebServerApplicationContext - Exception encountered during context initialization - cancelling refresh attempt: org.springframework.beans.factory.BeanCreationException: Error creating bean with name 'motoController': Lookup method resolution failed
2025-03-05 22:38:15 [restartedMain] INFO  o.s.o.j.LocalContainerEntityManagerFactoryBean - Closing JPA EntityManagerFactory for persistence unit 'default'
2025-03-05 22:38:15 [restartedMain] INFO  o.s.b.a.l.ConditionEvaluationReportLogger - 

Error starting ApplicationContext. To display the condition evaluation report re-run your application with 'debug' enabled.
2025-03-05 22:38:15 [restartedMain] ERROR o.s.boot.SpringApplication - Application run failed
org.springframework.beans.factory.BeanCreationException: Error creating bean with name 'motoController': Lookup method resolution failed
	at org.springframework.beans.factory.annotation.AutowiredAnnotationBeanPostProcessor.checkLookupMethods(AutowiredAnnotationBeanPostProcessor.java:498)
	at org.springframework.beans.factory.annotation.AutowiredAnnotationBeanPostProcessor.determineCandidateConstructors(AutowiredAnnotationBeanPostProcessor.java:368)
	at org.springframework.beans.factory.support.AbstractAutowireCapableBeanFactory.determineConstructorsFromBeanPostProcessors(AbstractAutowireCapableBeanFactory.java:1320)
	at org.springframework.beans.factory.support.AbstractAutowireCapableBeanFactory.createBeanInstance(AbstractAutowireCapableBeanFactory.java:1215)
	at org.springframework.beans.factory.support.AbstractAutowireCapableBeanFactory.doCreateBean(AbstractAutowireCapableBeanFactory.java:563)
	at org.springframework.beans.factory.support.AbstractAutowireCapableBeanFactory.createBean(AbstractAutowireCapableBeanFactory.java:523)
	at org.springframework.beans.factory.support.AbstractBeanFactory.lambda$doGetBean$0(AbstractBeanFactory.java:336)
	at org.springframework.beans.factory.support.DefaultSingletonBeanRegistry.getSingleton(DefaultSingletonBeanRegistry.java:307)
	at org.springframework.beans.factory.support.AbstractBeanFactory.doGetBean(AbstractBeanFactory.java:334)
	at org.springframework.beans.factory.support.AbstractBeanFactory.getBean(AbstractBeanFactory.java:199)
	at org.springframework.beans.factory.support.DefaultListableBeanFactory.instantiateSingleton(DefaultListableBeanFactory.java:1122)
	at org.springframework.beans.factory.support.DefaultListableBeanFactory.preInstantiateSingleton(DefaultListableBeanFactory.java:1093)
	at org.springframework.beans.factory.support.DefaultListableBeanFactory.preInstantiateSingletons(DefaultListableBeanFactory.java:1030)
	at org.springframework.context.support.AbstractApplicationContext.finishBeanFactoryInitialization(AbstractApplicationContext.java:987)
	at org.springframework.context.support.AbstractApplicationContext.refresh(AbstractApplicationContext.java:627)
	at org.springframework.boot.web.servlet.context.ServletWebServerApplicationContext.refresh(ServletWebServerApplicationContext.java:146)
	at org.springframework.boot.SpringApplication.refresh(SpringApplication.java:752)
	at org.springframework.boot.SpringApplication.refreshContext(SpringApplication.java:439)
	at org.springframework.boot.SpringApplication.run(SpringApplication.java:318)
	at org.springframework.boot.SpringApplication.run(SpringApplication.java:1361)
	at org.springframework.boot.SpringApplication.run(SpringApplication.java:1350)
	at com.accenture.Application.main(Application.java:10)
	at java.base/jdk.internal.reflect.DirectMethodHandleAccessor.invoke(DirectMethodHandleAccessor.java:103)
	at java.base/java.lang.reflect.Method.invoke(Method.java:580)
	at org.springframework.boot.devtools.restart.RestartLauncher.run(RestartLauncher.java:50)
Caused by: java.lang.IllegalStateException: Failed to introspect Class [com.accenture.controller.vehicule.MotoController] from ClassLoader [org.springframework.boot.devtools.restart.classloader.RestartClassLoader@36870205]
	at org.springframework.util.ReflectionUtils.getDeclaredMethods(ReflectionUtils.java:483)
	at org.springframework.util.ReflectionUtils.doWithLocalMethods(ReflectionUtils.java:320)
	at org.springframework.beans.factory.annotation.AutowiredAnnotationBeanPostProcessor.checkLookupMethods(AutowiredAnnotationBeanPostProcessor.java:476)
	... 24 common frames omitted
Caused by: java.lang.NoClassDefFoundError: com/accenture/service/dto/vehicule/MotoRequestDto
	at java.base/java.lang.Class.getDeclaredMethods0(Native Method)
	at java.base/java.lang.Class.privateGetDeclaredMethods(Class.java:3578)
	at java.base/java.lang.Class.getDeclaredMethods(Class.java:2676)
	at org.springframework.util.ReflectionUtils.getDeclaredMethods(ReflectionUtils.java:465)
	... 26 common frames omitted
Caused by: java.lang.ClassNotFoundException: com.accenture.service.dto.vehicule.MotoRequestDto
	at java.base/jdk.internal.loader.BuiltinClassLoader.loadClass(BuiltinClassLoader.java:641)
	at java.base/jdk.internal.loader.ClassLoaders$AppClassLoader.loadClass(ClassLoaders.java:188)
	at java.base/java.lang.ClassLoader.loadClass(ClassLoader.java:526)
	at java.base/java.lang.Class.forName0(Native Method)
	at java.base/java.lang.Class.forName(Class.java:534)
	at java.base/java.lang.Class.forName(Class.java:513)
	at org.springframework.boot.devtools.restart.classloader.RestartClassLoader.loadClass(RestartClassLoader.java:121)
	at java.base/java.lang.ClassLoader.loadClass(ClassLoader.java:526)
	... 30 common frames omitted
2025-03-05 22:38:32 [restartedMain] INFO  o.s.d.r.c.RepositoryConfigurationDelegate - Bootstrapping Spring Data JPA repositories in DEFAULT mode.
2025-03-05 22:38:32 [restartedMain] INFO  o.s.d.r.c.RepositoryConfigurationDelegate - Finished Spring Data repository scanning in 64 ms. Found 6 JPA repository interfaces.
2025-03-05 22:38:32 [restartedMain] INFO  o.s.b.w.e.tomcat.TomcatWebServer - Tomcat initialized with port 8080 (http)
2025-03-05 22:38:32 [restartedMain] INFO  o.s.b.w.s.c.ServletWebServerApplicationContext - Root WebApplicationContext: initialization completed in 943 ms
2025-03-05 22:38:32 [restartedMain] INFO  o.h.jpa.internal.util.LogHelper - HHH000204: Processing PersistenceUnitInfo [name: default]
2025-03-05 22:38:32 [restartedMain] INFO  o.h.c.i.RegionFactoryInitiator - HHH000026: Second-level cache disabled
2025-03-05 22:38:32 [restartedMain] INFO  o.s.o.j.p.SpringPersistenceUnitInfo - No LoadTimeWeaver setup: ignoring JPA class transformer
2025-03-05 22:38:32 [restartedMain] WARN  org.hibernate.orm.deprecation - HHH90000025: PostgreSQLDialect does not need to be specified explicitly using 'hibernate.dialect' (remove the property setting and it will be selected by default)
2025-03-05 22:38:32 [restartedMain] INFO  o.hibernate.orm.connections.pooling - HHH10001005: Database info:
	Database JDBC URL [Connecting through datasource 'HikariDataSource (HikariPool-3)']
	Database driver: undefined/unknown
	Database version: 16.1
	Autocommit mode: undefined/unknown
	Isolation level: undefined/unknown
	Minimum pool size: undefined/unknown
	Maximum pool size: undefined/unknown
2025-03-05 22:38:32 [restartedMain] INFO  o.h.id.enhanced.TableGenerator - HHH000398: Explicit segment value for id generator [hibernate_sequences.sequence_name] suggested; using default [default]
2025-03-05 22:38:32 [restartedMain] INFO  o.h.e.t.j.p.i.JtaPlatformInitiator - HHH000489: No JTA platform available (set 'hibernate.transaction.jta.platform' to enable JTA platform integration)
2025-03-05 22:38:33 [restartedMain] INFO  o.s.o.j.LocalContainerEntityManagerFactoryBean - Initialized JPA EntityManagerFactory for persistence unit 'default'
2025-03-05 22:38:33 [restartedMain] WARN  o.s.b.w.s.c.AnnotationConfigServletWebServerApplicationContext - Exception encountered during context initialization - cancelling refresh attempt: org.springframework.beans.factory.UnsatisfiedDependencyException: Error creating bean with name 'motoController' defined in file [C:\Users\tianhong.huang\IdeaProjects\location_de_vehicules\target\classes\com\accenture\controller\vehicule\MotoController.class]: Unsatisfied dependency expressed through constructor parameter 0: No qualifying bean of type 'com.accenture.service.MotoService' available: expected at least 1 bean which qualifies as autowire candidate. Dependency annotations: {}
2025-03-05 22:38:33 [restartedMain] INFO  o.s.o.j.LocalContainerEntityManagerFactoryBean - Closing JPA EntityManagerFactory for persistence unit 'default'
2025-03-05 22:38:33 [restartedMain] INFO  o.s.b.a.l.ConditionEvaluationReportLogger - 

Error starting ApplicationContext. To display the condition evaluation report re-run your application with 'debug' enabled.
2025-03-05 22:38:33 [restartedMain] ERROR o.s.b.d.LoggingFailureAnalysisReporter - 

***************************
APPLICATION FAILED TO START
***************************

Description:

Parameter 0 of constructor in com.accenture.controller.vehicule.MotoController required a bean of type 'com.accenture.service.MotoService' that could not be found.


Action:

Consider defining a bean of type 'com.accenture.service.MotoService' in your configuration.

2025-03-05 22:40:16 [background-preinit] INFO  o.h.validator.internal.util.Version - HV000001: Hibernate Validator 8.0.2.Final
2025-03-05 22:40:16 [restartedMain] INFO  o.s.b.d.e.DevToolsPropertyDefaultsPostProcessor - Devtools property defaults active! Set 'spring.devtools.add-properties' to 'false' to disable
2025-03-05 22:40:16 [restartedMain] INFO  o.s.b.d.e.DevToolsPropertyDefaultsPostProcessor - For additional web related logging consider setting the 'logging.level.web' property to 'DEBUG'
2025-03-05 22:40:18 [restartedMain] INFO  o.s.d.r.c.RepositoryConfigurationDelegate - Bootstrapping Spring Data JPA repositories in DEFAULT mode.
2025-03-05 22:40:18 [restartedMain] INFO  o.s.d.r.c.RepositoryConfigurationDelegate - Finished Spring Data repository scanning in 136 ms. Found 6 JPA repository interfaces.
2025-03-05 22:40:19 [restartedMain] INFO  o.s.b.w.e.tomcat.TomcatWebServer - Tomcat initialized with port 8080 (http)
2025-03-05 22:40:20 [restartedMain] INFO  o.s.b.w.s.c.ServletWebServerApplicationContext - Root WebApplicationContext: initialization completed in 3130 ms
2025-03-05 22:40:20 [restartedMain] INFO  o.h.jpa.internal.util.LogHelper - HHH000204: Processing PersistenceUnitInfo [name: default]
2025-03-05 22:40:20 [restartedMain] INFO  org.hibernate.Version - HHH000412: Hibernate ORM core version 6.6.5.Final
2025-03-05 22:40:20 [restartedMain] INFO  o.h.c.i.RegionFactoryInitiator - HHH000026: Second-level cache disabled
2025-03-05 22:40:21 [restartedMain] INFO  o.s.o.j.p.SpringPersistenceUnitInfo - No LoadTimeWeaver setup: ignoring JPA class transformer
2025-03-05 22:40:21 [restartedMain] WARN  org.hibernate.orm.deprecation - HHH90000025: PostgreSQLDialect does not need to be specified explicitly using 'hibernate.dialect' (remove the property setting and it will be selected by default)
2025-03-05 22:40:21 [restartedMain] INFO  o.hibernate.orm.connections.pooling - HHH10001005: Database info:
	Database JDBC URL [Connecting through datasource 'HikariDataSource (HikariPool-1)']
	Database driver: undefined/unknown
	Database version: 16.1
	Autocommit mode: undefined/unknown
	Isolation level: undefined/unknown
	Minimum pool size: undefined/unknown
	Maximum pool size: undefined/unknown
2025-03-05 22:40:22 [restartedMain] INFO  o.h.id.enhanced.TableGenerator - HHH000398: Explicit segment value for id generator [hibernate_sequences.sequence_name] suggested; using default [default]
2025-03-05 22:40:23 [restartedMain] INFO  o.h.e.t.j.p.i.JtaPlatformInitiator - HHH000489: No JTA platform available (set 'hibernate.transaction.jta.platform' to enable JTA platform integration)
2025-03-05 22:40:23 [restartedMain] INFO  o.s.o.j.LocalContainerEntityManagerFactoryBean - Initialized JPA EntityManagerFactory for persistence unit 'default'
2025-03-05 22:40:24 [restartedMain] WARN  o.s.b.a.o.j.JpaBaseConfiguration$JpaWebConfiguration - spring.jpa.open-in-view is enabled by default. Therefore, database queries may be performed during view rendering. Explicitly configure spring.jpa.open-in-view to disable this warning
2025-03-05 22:40:24 [restartedMain] INFO  o.s.s.p.JdbcUserDetailsManager - No authentication manager set. Reauthentication of users when changing passwords will not be performed.
2025-03-05 22:40:24 [restartedMain] INFO  o.s.s.c.a.a.c.InitializeUserDetailsBeanManagerConfigurer$InitializeUserDetailsManagerConfigurer - Global AuthenticationManager configured with UserDetailsService bean with name userDetailsManager
2025-03-05 22:40:25 [restartedMain] INFO  o.s.b.d.a.OptionalLiveReloadServer - LiveReload server is running on port 35729
2025-03-05 22:40:25 [restartedMain] INFO  o.s.b.w.e.tomcat.TomcatWebServer - Tomcat started on port 8080 (http) with context path '/'
2025-03-05 22:41:47 [http-nio-8080-exec-1] INFO  o.s.web.servlet.DispatcherServlet - Initializing Servlet 'dispatcherServlet'
2025-03-05 22:41:47 [http-nio-8080-exec-1] INFO  o.s.web.servlet.DispatcherServlet - Completed initialization in 0 ms
2025-03-05 22:41:47 [http-nio-8080-exec-1] WARN  o.s.w.s.m.m.a.ExceptionHandlerExceptionResolver - Resolved [org.springframework.web.bind.MethodArgumentNotValidException: Validation failed for argument [0] in org.springframework.http.ResponseEntity<java.lang.Void> com.accenture.controller.vehicule.MotoController.ajouter(com.accenture.service.dto.vehicule.MotoRequestDto): [Field error in object 'motoRequestDto' on field 'typeMoto': rejected value [null]; codes [NotNull.motoRequestDto.typeMoto,NotNull.typeMoto,NotNull.com.accenture.model.TypeMoto,NotNull]; arguments [org.springframework.context.support.DefaultMessageSourceResolvable: codes [motoRequestDto.typeMoto,typeMoto]; arguments []; default message [typeMoto]]; default message [Le type est obligatoire]] ]
2025-03-05 22:43:45 [File Watcher] INFO  o.s.b.d.a.LocalDevToolsAutoConfiguration$RestartingClassPathChangeChangedEventListener - Restarting due to 84 class path changes (0 additions, 84 deletions, 0 modifications)
2025-03-05 22:43:45 [Thread-5] INFO  o.s.b.w.e.tomcat.GracefulShutdown - Commencing graceful shutdown. Waiting for active requests to complete
2025-03-05 22:43:45 [tomcat-shutdown] INFO  o.s.b.w.e.tomcat.GracefulShutdown - Graceful shutdown complete
2025-03-05 22:43:45 [Thread-5] INFO  o.s.o.j.LocalContainerEntityManagerFactoryBean - Closing JPA EntityManagerFactory for persistence unit 'default'
2025-03-05 22:43:45 [restartedMain] INFO  o.s.d.r.c.RepositoryConfigurationDelegate - Bootstrapping Spring Data JPA repositories in DEFAULT mode.
2025-03-05 22:43:45 [restartedMain] INFO  o.s.d.r.c.RepositoryConfigurationDelegate - Finished Spring Data repository scanning in 1 ms. Found 0 JPA repository interfaces.
2025-03-05 22:43:45 [restartedMain] INFO  o.s.b.w.e.tomcat.TomcatWebServer - Tomcat initialized with port 8080 (http)
2025-03-05 22:43:45 [restartedMain] INFO  o.s.b.w.s.c.ServletWebServerApplicationContext - Root WebApplicationContext: initialization completed in 632 ms
2025-03-05 22:43:45 [restartedMain] INFO  o.h.jpa.internal.util.LogHelper - HHH000204: Processing PersistenceUnitInfo [name: default]
2025-03-05 22:43:45 [restartedMain] INFO  o.h.c.i.RegionFactoryInitiator - HHH000026: Second-level cache disabled
2025-03-05 22:43:45 [restartedMain] INFO  o.s.o.j.p.SpringPersistenceUnitInfo - No LoadTimeWeaver setup: ignoring JPA class transformer
2025-03-05 22:43:46 [restartedMain] WARN  org.hibernate.orm.deprecation - HHH90000025: PostgreSQLDialect does not need to be specified explicitly using 'hibernate.dialect' (remove the property setting and it will be selected by default)
2025-03-05 22:43:46 [restartedMain] INFO  o.hibernate.orm.connections.pooling - HHH10001005: Database info:
	Database JDBC URL [Connecting through datasource 'HikariDataSource (HikariPool-2)']
	Database driver: undefined/unknown
	Database version: 16.1
	Autocommit mode: undefined/unknown
	Isolation level: undefined/unknown
	Minimum pool size: undefined/unknown
	Maximum pool size: undefined/unknown
2025-03-05 22:43:46 [restartedMain] INFO  o.h.e.t.j.p.i.JtaPlatformInitiator - HHH000489: No JTA platform available (set 'hibernate.transaction.jta.platform' to enable JTA platform integration)
2025-03-05 22:43:46 [restartedMain] INFO  o.s.o.j.LocalContainerEntityManagerFactoryBean - Initialized JPA EntityManagerFactory for persistence unit 'default'
2025-03-05 22:43:46 [restartedMain] WARN  o.s.b.a.o.j.JpaBaseConfiguration$JpaWebConfiguration - spring.jpa.open-in-view is enabled by default. Therefore, database queries may be performed during view rendering. Explicitly configure spring.jpa.open-in-view to disable this warning
2025-03-05 22:43:46 [restartedMain] WARN  o.s.b.a.s.s.UserDetailsServiceAutoConfiguration - 

Using generated security password: a6c0dd84-6c0c-4e74-8ab7-483126f2073a

This generated password is for development use only. Your security configuration must be updated before running your application in production.

2025-03-05 22:43:46 [restartedMain] INFO  o.s.s.c.a.a.c.InitializeUserDetailsBeanManagerConfigurer$InitializeUserDetailsManagerConfigurer - Global AuthenticationManager configured with UserDetailsService bean with name inMemoryUserDetailsManager
2025-03-05 22:43:46 [restartedMain] INFO  o.s.b.d.a.OptionalLiveReloadServer - LiveReload server is running on port 35729
2025-03-05 22:43:46 [restartedMain] INFO  o.s.b.w.e.tomcat.TomcatWebServer - Tomcat started on port 8080 (http) with context path '/'
2025-03-05 22:43:46 [restartedMain] INFO  o.s.b.d.a.ConditionEvaluationDeltaLoggingListener - Condition evaluation delta:


==========================
CONDITION EVALUATION DELTA
==========================


Positive matches:
-----------------

   SpringBootWebSecurityConfiguration.SecurityFilterChainConfiguration matched:
      - AllNestedConditions 2 matched 0 did not; NestedCondition on DefaultWebSecurityCondition.Beans @ConditionalOnMissingBean (types: org.springframework.security.web.SecurityFilterChain; SearchStrategy: all) did not find any beans; NestedCondition on DefaultWebSecurityCondition.Classes @ConditionalOnClass found required classes 'org.springframework.security.web.SecurityFilterChain', 'org.springframework.security.config.annotation.web.builders.HttpSecurity' (DefaultWebSecurityCondition)

   SpringBootWebSecurityConfiguration.WebSecurityEnablerConfiguration matched:
      - @ConditionalOnClass found required class 'org.springframework.security.config.annotation.web.configuration.EnableWebSecurity' (OnClassCondition)
      - @ConditionalOnMissingBean (names: springSecurityFilterChain; SearchStrategy: all) did not find any beans (OnBeanCondition)

   UserDetailsServiceAutoConfiguration matched:
      - @ConditionalOnClass found required class 'org.springframework.security.authentication.AuthenticationManager' (OnClassCondition)
      - found 'session' scope (OnWebApplicationCondition)
      - AnyNestedCondition 1 matched 2 did not; NestedCondition on UserDetailsServiceAutoConfiguration.MissingAlternativeOrUserPropertiesConfigured.PasswordConfigured @ConditionalOnProperty (spring.security.user.password) did not find property 'password'; NestedCondition on UserDetailsServiceAutoConfiguration.MissingAlternativeOrUserPropertiesConfigured.NameConfigured @ConditionalOnProperty (spring.security.user.name) did not find property 'name'; NestedCondition on UserDetailsServiceAutoConfiguration.MissingAlternativeOrUserPropertiesConfigured.MissingAlternative @ConditionalOnMissingClass did not find unwanted classes 'org.springframework.security.oauth2.client.registration.ClientRegistrationRepository', 'org.springframework.security.oauth2.server.resource.introspection.OpaqueTokenIntrospector', 'org.springframework.security.saml2.provider.service.registration.RelyingPartyRegistrationRepository' (UserDetailsServiceAutoConfiguration.MissingAlternativeOrUserPropertiesConfigured)
      - @ConditionalOnBean (types: org.springframework.security.config.ObjectPostProcessor; SearchStrategy: all) found beans 'objectPostProcessor', 'webAuthorizationManagerPostProcessor', 'filterChainDecoratorPostProcessor', 'authenticationManagerPostProcessor'; @ConditionalOnMissingBean (types: org.springframework.security.authentication.AuthenticationManager,org.springframework.security.authentication.AuthenticationProvider,org.springframework.security.core.userdetails.UserDetailsService,org.springframework.security.authentication.AuthenticationManagerResolver,org.springframework.security.oauth2.jwt.JwtDecoder; SearchStrategy: all) did not find any beans (OnBeanCondition)


Negative matches:
-----------------

    None


Exclusions:
-----------

    None


Unconditional classes:
----------------------

    None



2025-03-05 22:43:47 [File Watcher] INFO  o.s.b.d.a.LocalDevToolsAutoConfiguration$RestartingClassPathChangeChangedEventListener - Restarting due to 2 class path changes (2 additions, 0 deletions, 0 modifications)
2025-03-05 22:43:47 [Thread-7] INFO  o.s.b.w.e.tomcat.GracefulShutdown - Commencing graceful shutdown. Waiting for active requests to complete
2025-03-05 22:43:47 [tomcat-shutdown] INFO  o.s.b.w.e.tomcat.GracefulShutdown - Graceful shutdown complete
2025-03-05 22:43:47 [Thread-7] INFO  o.s.o.j.LocalContainerEntityManagerFactoryBean - Closing JPA EntityManagerFactory for persistence unit 'default'
2025-03-05 22:43:48 [restartedMain] INFO  o.s.d.r.c.RepositoryConfigurationDelegate - Bootstrapping Spring Data JPA repositories in DEFAULT mode.
2025-03-05 22:43:48 [restartedMain] INFO  o.s.d.r.c.RepositoryConfigurationDelegate - Finished Spring Data repository scanning in 5 ms. Found 0 JPA repository interfaces.
2025-03-05 22:43:48 [restartedMain] INFO  o.s.b.w.e.tomcat.TomcatWebServer - Tomcat initialized with port 8080 (http)
2025-03-05 22:43:48 [restartedMain] INFO  o.s.b.w.s.c.ServletWebServerApplicationContext - Root WebApplicationContext: initialization completed in 948 ms
2025-03-05 22:43:48 [restartedMain] INFO  o.h.jpa.internal.util.LogHelper - HHH000204: Processing PersistenceUnitInfo [name: default]
2025-03-05 22:43:48 [restartedMain] INFO  o.h.c.i.RegionFactoryInitiator - HHH000026: Second-level cache disabled
2025-03-05 22:43:48 [restartedMain] INFO  o.s.o.j.p.SpringPersistenceUnitInfo - No LoadTimeWeaver setup: ignoring JPA class transformer
2025-03-05 22:43:48 [restartedMain] WARN  org.hibernate.orm.deprecation - HHH90000025: PostgreSQLDialect does not need to be specified explicitly using 'hibernate.dialect' (remove the property setting and it will be selected by default)
2025-03-05 22:43:48 [restartedMain] INFO  o.hibernate.orm.connections.pooling - HHH10001005: Database info:
	Database JDBC URL [Connecting through datasource 'HikariDataSource (HikariPool-3)']
	Database driver: undefined/unknown
	Database version: 16.1
	Autocommit mode: undefined/unknown
	Isolation level: undefined/unknown
	Minimum pool size: undefined/unknown
	Maximum pool size: undefined/unknown
2025-03-05 22:43:49 [restartedMain] INFO  o.h.e.t.j.p.i.JtaPlatformInitiator - HHH000489: No JTA platform available (set 'hibernate.transaction.jta.platform' to enable JTA platform integration)
2025-03-05 22:43:49 [restartedMain] INFO  o.s.o.j.LocalContainerEntityManagerFactoryBean - Initialized JPA EntityManagerFactory for persistence unit 'default'
2025-03-05 22:43:49 [restartedMain] WARN  o.s.b.a.o.j.JpaBaseConfiguration$JpaWebConfiguration - spring.jpa.open-in-view is enabled by default. Therefore, database queries may be performed during view rendering. Explicitly configure spring.jpa.open-in-view to disable this warning
2025-03-05 22:43:49 [restartedMain] WARN  o.s.b.a.s.s.UserDetailsServiceAutoConfiguration - 

Using generated security password: 4b0c0a28-d025-458a-a342-53b7580f4b91

This generated password is for development use only. Your security configuration must be updated before running your application in production.

2025-03-05 22:43:49 [restartedMain] INFO  o.s.s.c.a.a.c.InitializeUserDetailsBeanManagerConfigurer$InitializeUserDetailsManagerConfigurer - Global AuthenticationManager configured with UserDetailsService bean with name inMemoryUserDetailsManager
2025-03-05 22:43:49 [restartedMain] INFO  o.s.b.d.a.OptionalLiveReloadServer - LiveReload server is running on port 35729
2025-03-05 22:43:49 [restartedMain] INFO  o.s.b.w.e.tomcat.TomcatWebServer - Tomcat started on port 8080 (http) with context path '/'
2025-03-05 22:43:49 [restartedMain] INFO  o.s.b.d.a.ConditionEvaluationDeltaLoggingListener - Condition evaluation unchanged
2025-03-05 22:43:58 [File Watcher] INFO  o.s.b.d.a.LocalDevToolsAutoConfiguration$RestartingClassPathChangeChangedEventListener - Restarting due to 82 class path changes (82 additions, 0 deletions, 0 modifications)
2025-03-05 22:43:58 [Thread-11] INFO  o.s.b.w.e.tomcat.GracefulShutdown - Commencing graceful shutdown. Waiting for active requests to complete
2025-03-05 22:43:58 [tomcat-shutdown] INFO  o.s.b.w.e.tomcat.GracefulShutdown - Graceful shutdown complete
2025-03-05 22:43:58 [Thread-11] INFO  o.s.o.j.LocalContainerEntityManagerFactoryBean - Closing JPA EntityManagerFactory for persistence unit 'default'
2025-03-05 22:44:00 [restartedMain] INFO  o.s.d.r.c.RepositoryConfigurationDelegate - Bootstrapping Spring Data JPA repositories in DEFAULT mode.
2025-03-05 22:44:00 [restartedMain] INFO  o.s.d.r.c.RepositoryConfigurationDelegate - Finished Spring Data repository scanning in 87 ms. Found 6 JPA repository interfaces.
2025-03-05 22:44:00 [restartedMain] INFO  o.s.b.w.e.tomcat.TomcatWebServer - Tomcat initialized with port 8080 (http)
2025-03-05 22:44:00 [restartedMain] INFO  o.s.b.w.s.c.ServletWebServerApplicationContext - Root WebApplicationContext: initialization completed in 1595 ms
2025-03-05 22:44:00 [restartedMain] INFO  o.h.jpa.internal.util.LogHelper - HHH000204: Processing PersistenceUnitInfo [name: default]
2025-03-05 22:44:00 [restartedMain] INFO  o.h.c.i.RegionFactoryInitiator - HHH000026: Second-level cache disabled
2025-03-05 22:44:00 [restartedMain] INFO  o.s.o.j.p.SpringPersistenceUnitInfo - No LoadTimeWeaver setup: ignoring JPA class transformer
2025-03-05 22:44:00 [restartedMain] WARN  org.hibernate.orm.deprecation - HHH90000025: PostgreSQLDialect does not need to be specified explicitly using 'hibernate.dialect' (remove the property setting and it will be selected by default)
2025-03-05 22:44:00 [restartedMain] INFO  o.hibernate.orm.connections.pooling - HHH10001005: Database info:
	Database JDBC URL [Connecting through datasource 'HikariDataSource (HikariPool-4)']
	Database driver: undefined/unknown
	Database version: 16.1
	Autocommit mode: undefined/unknown
	Isolation level: undefined/unknown
	Minimum pool size: undefined/unknown
	Maximum pool size: undefined/unknown
2025-03-05 22:44:00 [restartedMain] INFO  o.h.id.enhanced.TableGenerator - HHH000398: Explicit segment value for id generator [hibernate_sequences.sequence_name] suggested; using default [default]
2025-03-05 22:44:00 [restartedMain] INFO  o.h.e.t.j.p.i.JtaPlatformInitiator - HHH000489: No JTA platform available (set 'hibernate.transaction.jta.platform' to enable JTA platform integration)
2025-03-05 22:44:01 [restartedMain] INFO  o.s.o.j.LocalContainerEntityManagerFactoryBean - Initialized JPA EntityManagerFactory for persistence unit 'default'
2025-03-05 22:44:01 [restartedMain] WARN  o.s.b.a.o.j.JpaBaseConfiguration$JpaWebConfiguration - spring.jpa.open-in-view is enabled by default. Therefore, database queries may be performed during view rendering. Explicitly configure spring.jpa.open-in-view to disable this warning
2025-03-05 22:44:01 [restartedMain] INFO  o.s.s.p.JdbcUserDetailsManager - No authentication manager set. Reauthentication of users when changing passwords will not be performed.
2025-03-05 22:44:01 [restartedMain] INFO  o.s.s.c.a.a.c.InitializeUserDetailsBeanManagerConfigurer$InitializeUserDetailsManagerConfigurer - Global AuthenticationManager configured with UserDetailsService bean with name userDetailsManager
2025-03-05 22:44:01 [restartedMain] INFO  o.s.b.d.a.OptionalLiveReloadServer - LiveReload server is running on port 35729
2025-03-05 22:44:01 [restartedMain] INFO  o.s.b.w.e.tomcat.TomcatWebServer - Tomcat started on port 8080 (http) with context path '/'
2025-03-05 22:44:01 [restartedMain] INFO  o.s.b.d.a.ConditionEvaluationDeltaLoggingListener - Condition evaluation delta:


==========================
CONDITION EVALUATION DELTA
==========================


Positive matches:
-----------------

    None


Negative matches:
-----------------

   SpringBootWebSecurityConfiguration.SecurityFilterChainConfiguration:
      Did not match:
         - AllNestedConditions 1 matched 1 did not; NestedCondition on DefaultWebSecurityCondition.Beans @ConditionalOnMissingBean (types: org.springframework.security.web.SecurityFilterChain; SearchStrategy: all) found beans of type 'org.springframework.security.web.SecurityFilterChain' securityFilterChain; NestedCondition on DefaultWebSecurityCondition.Classes @ConditionalOnClass found required classes 'org.springframework.security.web.SecurityFilterChain', 'org.springframework.security.config.annotation.web.builders.HttpSecurity' (DefaultWebSecurityCondition)

   SpringBootWebSecurityConfiguration.WebSecurityEnablerConfiguration:
      Did not match:
         - @ConditionalOnMissingBean (names: springSecurityFilterChain; SearchStrategy: all) found beans named springSecurityFilterChain (OnBeanCondition)
      Matched:
         - @ConditionalOnClass found required class 'org.springframework.security.config.annotation.web.configuration.EnableWebSecurity' (OnClassCondition)

   UserDetailsServiceAutoConfiguration:
      Did not match:
         - @ConditionalOnMissingBean (types: org.springframework.security.authentication.AuthenticationManager,org.springframework.security.authentication.AuthenticationProvider,org.springframework.security.core.userdetails.UserDetailsService,org.springframework.security.authentication.AuthenticationManagerResolver,org.springframework.security.oauth2.jwt.JwtDecoder; SearchStrategy: all) found beans of type 'org.springframework.security.core.userdetails.UserDetailsService' userDetailsManager (OnBeanCondition)
      Matched:
         - @ConditionalOnClass found required class 'org.springframework.security.authentication.AuthenticationManager' (OnClassCondition)
         - found 'session' scope (OnWebApplicationCondition)
         - AnyNestedCondition 1 matched 2 did not; NestedCondition on UserDetailsServiceAutoConfiguration.MissingAlternativeOrUserPropertiesConfigured.PasswordConfigured @ConditionalOnProperty (spring.security.user.password) did not find property 'password'; NestedCondition on UserDetailsServiceAutoConfiguration.MissingAlternativeOrUserPropertiesConfigured.NameConfigured @ConditionalOnProperty (spring.security.user.name) did not find property 'name'; NestedCondition on UserDetailsServiceAutoConfiguration.MissingAlternativeOrUserPropertiesConfigured.MissingAlternative @ConditionalOnMissingClass did not find unwanted classes 'org.springframework.security.oauth2.client.registration.ClientRegistrationRepository', 'org.springframework.security.oauth2.server.resource.introspection.OpaqueTokenIntrospector', 'org.springframework.security.saml2.provider.service.registration.RelyingPartyRegistrationRepository' (UserDetailsServiceAutoConfiguration.MissingAlternativeOrUserPropertiesConfigured)


Exclusions:
-----------

    None


Unconditional classes:
----------------------

    None



2025-03-05 22:44:44 [File Watcher] INFO  o.s.b.d.a.LocalDevToolsAutoConfiguration$RestartingClassPathChangeChangedEventListener - Restarting due to 83 class path changes (0 additions, 82 deletions, 1 modification)
2025-03-05 22:44:44 [Thread-15] INFO  o.s.b.w.e.tomcat.GracefulShutdown - Commencing graceful shutdown. Waiting for active requests to complete
2025-03-05 22:44:44 [tomcat-shutdown] INFO  o.s.b.w.e.tomcat.GracefulShutdown - Graceful shutdown complete
2025-03-05 22:44:44 [Thread-15] INFO  o.s.o.j.LocalContainerEntityManagerFactoryBean - Closing JPA EntityManagerFactory for persistence unit 'default'
2025-03-05 22:44:44 [restartedMain] INFO  o.s.d.r.c.RepositoryConfigurationDelegate - Bootstrapping Spring Data JPA repositories in DEFAULT mode.
2025-03-05 22:44:44 [restartedMain] INFO  o.s.d.r.c.RepositoryConfigurationDelegate - Finished Spring Data repository scanning in 0 ms. Found 0 JPA repository interfaces.
2025-03-05 22:44:45 [restartedMain] INFO  o.s.b.w.e.tomcat.TomcatWebServer - Tomcat initialized with port 8080 (http)
2025-03-05 22:44:45 [restartedMain] INFO  o.s.b.w.s.c.ServletWebServerApplicationContext - Root WebApplicationContext: initialization completed in 448 ms
2025-03-05 22:44:45 [restartedMain] INFO  o.h.jpa.internal.util.LogHelper - HHH000204: Processing PersistenceUnitInfo [name: default]
2025-03-05 22:44:45 [restartedMain] INFO  o.h.c.i.RegionFactoryInitiator - HHH000026: Second-level cache disabled
2025-03-05 22:44:45 [restartedMain] INFO  o.s.o.j.p.SpringPersistenceUnitInfo - No LoadTimeWeaver setup: ignoring JPA class transformer
2025-03-05 22:44:45 [restartedMain] WARN  org.hibernate.orm.deprecation - HHH90000025: PostgreSQLDialect does not need to be specified explicitly using 'hibernate.dialect' (remove the property setting and it will be selected by default)
2025-03-05 22:44:45 [restartedMain] INFO  o.hibernate.orm.connections.pooling - HHH10001005: Database info:
	Database JDBC URL [Connecting through datasource 'HikariDataSource (HikariPool-5)']
	Database driver: undefined/unknown
	Database version: 16.1
	Autocommit mode: undefined/unknown
	Isolation level: undefined/unknown
	Minimum pool size: undefined/unknown
	Maximum pool size: undefined/unknown
2025-03-05 22:44:45 [restartedMain] INFO  o.h.e.t.j.p.i.JtaPlatformInitiator - HHH000489: No JTA platform available (set 'hibernate.transaction.jta.platform' to enable JTA platform integration)
2025-03-05 22:44:45 [restartedMain] INFO  o.s.o.j.LocalContainerEntityManagerFactoryBean - Initialized JPA EntityManagerFactory for persistence unit 'default'
2025-03-05 22:44:45 [restartedMain] WARN  o.s.b.a.o.j.JpaBaseConfiguration$JpaWebConfiguration - spring.jpa.open-in-view is enabled by default. Therefore, database queries may be performed during view rendering. Explicitly configure spring.jpa.open-in-view to disable this warning
2025-03-05 22:44:45 [restartedMain] WARN  o.s.b.a.s.s.UserDetailsServiceAutoConfiguration - 

Using generated security password: caf7f487-d7b5-4d8d-a6df-f84e26bc37ea

This generated password is for development use only. Your security configuration must be updated before running your application in production.

2025-03-05 22:44:45 [restartedMain] INFO  o.s.s.c.a.a.c.InitializeUserDetailsBeanManagerConfigurer$InitializeUserDetailsManagerConfigurer - Global AuthenticationManager configured with UserDetailsService bean with name inMemoryUserDetailsManager
2025-03-05 22:44:45 [restartedMain] INFO  o.s.b.d.a.OptionalLiveReloadServer - LiveReload server is running on port 35729
2025-03-05 22:44:45 [restartedMain] INFO  o.s.b.w.e.tomcat.TomcatWebServer - Tomcat started on port 8080 (http) with context path '/'
2025-03-05 22:44:45 [restartedMain] INFO  o.s.b.d.a.ConditionEvaluationDeltaLoggingListener - Condition evaluation delta:


==========================
CONDITION EVALUATION DELTA
==========================


Positive matches:
-----------------

   SpringBootWebSecurityConfiguration.SecurityFilterChainConfiguration matched:
      - AllNestedConditions 2 matched 0 did not; NestedCondition on DefaultWebSecurityCondition.Beans @ConditionalOnMissingBean (types: org.springframework.security.web.SecurityFilterChain; SearchStrategy: all) did not find any beans; NestedCondition on DefaultWebSecurityCondition.Classes @ConditionalOnClass found required classes 'org.springframework.security.web.SecurityFilterChain', 'org.springframework.security.config.annotation.web.builders.HttpSecurity' (DefaultWebSecurityCondition)

   SpringBootWebSecurityConfiguration.WebSecurityEnablerConfiguration matched:
      - @ConditionalOnClass found required class 'org.springframework.security.config.annotation.web.configuration.EnableWebSecurity' (OnClassCondition)
      - @ConditionalOnMissingBean (names: springSecurityFilterChain; SearchStrategy: all) did not find any beans (OnBeanCondition)

   UserDetailsServiceAutoConfiguration matched:
      - @ConditionalOnClass found required class 'org.springframework.security.authentication.AuthenticationManager' (OnClassCondition)
      - found 'session' scope (OnWebApplicationCondition)
      - AnyNestedCondition 1 matched 2 did not; NestedCondition on UserDetailsServiceAutoConfiguration.MissingAlternativeOrUserPropertiesConfigured.PasswordConfigured @ConditionalOnProperty (spring.security.user.password) did not find property 'password'; NestedCondition on UserDetailsServiceAutoConfiguration.MissingAlternativeOrUserPropertiesConfigured.NameConfigured @ConditionalOnProperty (spring.security.user.name) did not find property 'name'; NestedCondition on UserDetailsServiceAutoConfiguration.MissingAlternativeOrUserPropertiesConfigured.MissingAlternative @ConditionalOnMissingClass did not find unwanted classes 'org.springframework.security.oauth2.client.registration.ClientRegistrationRepository', 'org.springframework.security.oauth2.server.resource.introspection.OpaqueTokenIntrospector', 'org.springframework.security.saml2.provider.service.registration.RelyingPartyRegistrationRepository' (UserDetailsServiceAutoConfiguration.MissingAlternativeOrUserPropertiesConfigured)
      - @ConditionalOnBean (types: org.springframework.security.config.ObjectPostProcessor; SearchStrategy: all) found beans 'objectPostProcessor', 'webAuthorizationManagerPostProcessor', 'filterChainDecoratorPostProcessor', 'authenticationManagerPostProcessor'; @ConditionalOnMissingBean (types: org.springframework.security.authentication.AuthenticationManager,org.springframework.security.authentication.AuthenticationProvider,org.springframework.security.core.userdetails.UserDetailsService,org.springframework.security.authentication.AuthenticationManagerResolver,org.springframework.security.oauth2.jwt.JwtDecoder; SearchStrategy: all) did not find any beans (OnBeanCondition)


Negative matches:
-----------------

    None


Exclusions:
-----------

    None


Unconditional classes:
----------------------

    None



2025-03-05 22:44:51 [File Watcher] INFO  o.s.b.d.a.LocalDevToolsAutoConfiguration$RestartingClassPathChangeChangedEventListener - Restarting due to 82 class path changes (82 additions, 0 deletions, 0 modifications)
2025-03-05 22:44:51 [Thread-19] INFO  o.s.b.w.e.tomcat.GracefulShutdown - Commencing graceful shutdown. Waiting for active requests to complete
2025-03-05 22:44:51 [tomcat-shutdown] INFO  o.s.b.w.e.tomcat.GracefulShutdown - Graceful shutdown complete
2025-03-05 22:44:51 [Thread-19] INFO  o.s.o.j.LocalContainerEntityManagerFactoryBean - Closing JPA EntityManagerFactory for persistence unit 'default'
2025-03-05 22:44:52 [restartedMain] INFO  o.s.d.r.c.RepositoryConfigurationDelegate - Bootstrapping Spring Data JPA repositories in DEFAULT mode.
2025-03-05 22:44:52 [restartedMain] INFO  o.s.d.r.c.RepositoryConfigurationDelegate - Finished Spring Data repository scanning in 70 ms. Found 6 JPA repository interfaces.
2025-03-05 22:44:52 [restartedMain] INFO  o.s.b.w.e.tomcat.TomcatWebServer - Tomcat initialized with port 8080 (http)
2025-03-05 22:44:52 [restartedMain] INFO  o.s.b.w.s.c.ServletWebServerApplicationContext - Root WebApplicationContext: initialization completed in 798 ms
2025-03-05 22:44:52 [restartedMain] INFO  o.h.jpa.internal.util.LogHelper - HHH000204: Processing PersistenceUnitInfo [name: default]
2025-03-05 22:44:52 [restartedMain] INFO  o.h.c.i.RegionFactoryInitiator - HHH000026: Second-level cache disabled
2025-03-05 22:44:52 [restartedMain] INFO  o.s.o.j.p.SpringPersistenceUnitInfo - No LoadTimeWeaver setup: ignoring JPA class transformer
2025-03-05 22:44:52 [restartedMain] WARN  org.hibernate.orm.deprecation - HHH90000025: PostgreSQLDialect does not need to be specified explicitly using 'hibernate.dialect' (remove the property setting and it will be selected by default)
2025-03-05 22:44:52 [restartedMain] INFO  o.hibernate.orm.connections.pooling - HHH10001005: Database info:
	Database JDBC URL [Connecting through datasource 'HikariDataSource (HikariPool-6)']
	Database driver: undefined/unknown
	Database version: 16.1
	Autocommit mode: undefined/unknown
	Isolation level: undefined/unknown
	Minimum pool size: undefined/unknown
	Maximum pool size: undefined/unknown
2025-03-05 22:44:52 [restartedMain] INFO  o.h.id.enhanced.TableGenerator - HHH000398: Explicit segment value for id generator [hibernate_sequences.sequence_name] suggested; using default [default]
2025-03-05 22:44:52 [restartedMain] INFO  o.h.e.t.j.p.i.JtaPlatformInitiator - HHH000489: No JTA platform available (set 'hibernate.transaction.jta.platform' to enable JTA platform integration)
2025-03-05 22:44:53 [restartedMain] INFO  o.s.o.j.LocalContainerEntityManagerFactoryBean - Initialized JPA EntityManagerFactory for persistence unit 'default'
2025-03-05 22:44:53 [restartedMain] WARN  o.s.b.a.o.j.JpaBaseConfiguration$JpaWebConfiguration - spring.jpa.open-in-view is enabled by default. Therefore, database queries may be performed during view rendering. Explicitly configure spring.jpa.open-in-view to disable this warning
2025-03-05 22:44:53 [restartedMain] INFO  o.s.s.p.JdbcUserDetailsManager - No authentication manager set. Reauthentication of users when changing passwords will not be performed.
2025-03-05 22:44:53 [restartedMain] INFO  o.s.s.c.a.a.c.InitializeUserDetailsBeanManagerConfigurer$InitializeUserDetailsManagerConfigurer - Global AuthenticationManager configured with UserDetailsService bean with name userDetailsManager
2025-03-05 22:44:53 [restartedMain] INFO  o.s.b.d.a.OptionalLiveReloadServer - LiveReload server is running on port 35729
2025-03-05 22:44:53 [restartedMain] INFO  o.s.b.w.e.tomcat.TomcatWebServer - Tomcat started on port 8080 (http) with context path '/'
2025-03-05 22:44:53 [restartedMain] INFO  o.s.b.d.a.ConditionEvaluationDeltaLoggingListener - Condition evaluation delta:


==========================
CONDITION EVALUATION DELTA
==========================


Positive matches:
-----------------

    None


Negative matches:
-----------------

   SpringBootWebSecurityConfiguration.SecurityFilterChainConfiguration:
      Did not match:
         - AllNestedConditions 1 matched 1 did not; NestedCondition on DefaultWebSecurityCondition.Beans @ConditionalOnMissingBean (types: org.springframework.security.web.SecurityFilterChain; SearchStrategy: all) found beans of type 'org.springframework.security.web.SecurityFilterChain' securityFilterChain; NestedCondition on DefaultWebSecurityCondition.Classes @ConditionalOnClass found required classes 'org.springframework.security.web.SecurityFilterChain', 'org.springframework.security.config.annotation.web.builders.HttpSecurity' (DefaultWebSecurityCondition)

   SpringBootWebSecurityConfiguration.WebSecurityEnablerConfiguration:
      Did not match:
         - @ConditionalOnMissingBean (names: springSecurityFilterChain; SearchStrategy: all) found beans named springSecurityFilterChain (OnBeanCondition)
      Matched:
         - @ConditionalOnClass found required class 'org.springframework.security.config.annotation.web.configuration.EnableWebSecurity' (OnClassCondition)

   UserDetailsServiceAutoConfiguration:
      Did not match:
         - @ConditionalOnMissingBean (types: org.springframework.security.authentication.AuthenticationManager,org.springframework.security.authentication.AuthenticationProvider,org.springframework.security.core.userdetails.UserDetailsService,org.springframework.security.authentication.AuthenticationManagerResolver,org.springframework.security.oauth2.jwt.JwtDecoder; SearchStrategy: all) found beans of type 'org.springframework.security.core.userdetails.UserDetailsService' userDetailsManager (OnBeanCondition)
      Matched:
         - @ConditionalOnClass found required class 'org.springframework.security.authentication.AuthenticationManager' (OnClassCondition)
         - found 'session' scope (OnWebApplicationCondition)
         - AnyNestedCondition 1 matched 2 did not; NestedCondition on UserDetailsServiceAutoConfiguration.MissingAlternativeOrUserPropertiesConfigured.PasswordConfigured @ConditionalOnProperty (spring.security.user.password) did not find property 'password'; NestedCondition on UserDetailsServiceAutoConfiguration.MissingAlternativeOrUserPropertiesConfigured.NameConfigured @ConditionalOnProperty (spring.security.user.name) did not find property 'name'; NestedCondition on UserDetailsServiceAutoConfiguration.MissingAlternativeOrUserPropertiesConfigured.MissingAlternative @ConditionalOnMissingClass did not find unwanted classes 'org.springframework.security.oauth2.client.registration.ClientRegistrationRepository', 'org.springframework.security.oauth2.server.resource.introspection.OpaqueTokenIntrospector', 'org.springframework.security.saml2.provider.service.registration.RelyingPartyRegistrationRepository' (UserDetailsServiceAutoConfiguration.MissingAlternativeOrUserPropertiesConfigured)


Exclusions:
-----------

    None


Unconditional classes:
----------------------

    None



2025-03-05 22:45:39 [SpringApplicationShutdownHook] INFO  o.s.b.w.e.tomcat.GracefulShutdown - Commencing graceful shutdown. Waiting for active requests to complete
2025-03-05 22:45:39 [tomcat-shutdown] INFO  o.s.b.w.e.tomcat.GracefulShutdown - Graceful shutdown complete
2025-03-05 22:45:39 [SpringApplicationShutdownHook] INFO  o.s.o.j.LocalContainerEntityManagerFactoryBean - Closing JPA EntityManagerFactory for persistence unit 'default'
2025-03-05 22:45:45 [background-preinit] INFO  o.h.validator.internal.util.Version - HV000001: Hibernate Validator 8.0.2.Final
2025-03-05 22:45:46 [restartedMain] INFO  o.s.b.d.e.DevToolsPropertyDefaultsPostProcessor - Devtools property defaults active! Set 'spring.devtools.add-properties' to 'false' to disable
2025-03-05 22:45:46 [restartedMain] INFO  o.s.b.d.e.DevToolsPropertyDefaultsPostProcessor - For additional web related logging consider setting the 'logging.level.web' property to 'DEBUG'
2025-03-05 22:45:47 [restartedMain] INFO  o.s.d.r.c.RepositoryConfigurationDelegate - Bootstrapping Spring Data JPA repositories in DEFAULT mode.
2025-03-05 22:45:47 [restartedMain] INFO  o.s.d.r.c.RepositoryConfigurationDelegate - Finished Spring Data repository scanning in 162 ms. Found 6 JPA repository interfaces.
2025-03-05 22:45:49 [restartedMain] INFO  o.s.b.w.e.tomcat.TomcatWebServer - Tomcat initialized with port 8080 (http)
2025-03-05 22:45:49 [restartedMain] INFO  o.s.b.w.s.c.ServletWebServerApplicationContext - Root WebApplicationContext: initialization completed in 3343 ms
2025-03-05 22:45:49 [restartedMain] INFO  o.h.jpa.internal.util.LogHelper - HHH000204: Processing PersistenceUnitInfo [name: default]
2025-03-05 22:45:49 [restartedMain] INFO  org.hibernate.Version - HHH000412: Hibernate ORM core version 6.6.5.Final
2025-03-05 22:45:49 [restartedMain] INFO  o.h.c.i.RegionFactoryInitiator - HHH000026: Second-level cache disabled
2025-03-05 22:45:50 [restartedMain] INFO  o.s.o.j.p.SpringPersistenceUnitInfo - No LoadTimeWeaver setup: ignoring JPA class transformer
2025-03-05 22:45:50 [restartedMain] WARN  org.hibernate.orm.deprecation - HHH90000025: PostgreSQLDialect does not need to be specified explicitly using 'hibernate.dialect' (remove the property setting and it will be selected by default)
2025-03-05 22:45:50 [restartedMain] INFO  o.hibernate.orm.connections.pooling - HHH10001005: Database info:
	Database JDBC URL [Connecting through datasource 'HikariDataSource (HikariPool-1)']
	Database driver: undefined/unknown
	Database version: 16.1
	Autocommit mode: undefined/unknown
	Isolation level: undefined/unknown
	Minimum pool size: undefined/unknown
	Maximum pool size: undefined/unknown
2025-03-05 22:45:51 [restartedMain] INFO  o.h.id.enhanced.TableGenerator - HHH000398: Explicit segment value for id generator [hibernate_sequences.sequence_name] suggested; using default [default]
2025-03-05 22:45:52 [restartedMain] INFO  o.h.e.t.j.p.i.JtaPlatformInitiator - HHH000489: No JTA platform available (set 'hibernate.transaction.jta.platform' to enable JTA platform integration)
2025-03-05 22:45:52 [restartedMain] INFO  o.s.o.j.LocalContainerEntityManagerFactoryBean - Initialized JPA EntityManagerFactory for persistence unit 'default'
2025-03-05 22:45:53 [restartedMain] WARN  o.s.b.a.o.j.JpaBaseConfiguration$JpaWebConfiguration - spring.jpa.open-in-view is enabled by default. Therefore, database queries may be performed during view rendering. Explicitly configure spring.jpa.open-in-view to disable this warning
2025-03-05 22:45:53 [restartedMain] INFO  o.s.s.p.JdbcUserDetailsManager - No authentication manager set. Reauthentication of users when changing passwords will not be performed.
2025-03-05 22:45:53 [restartedMain] INFO  o.s.s.c.a.a.c.InitializeUserDetailsBeanManagerConfigurer$InitializeUserDetailsManagerConfigurer - Global AuthenticationManager configured with UserDetailsService bean with name userDetailsManager
2025-03-05 22:45:55 [restartedMain] INFO  o.s.b.d.a.OptionalLiveReloadServer - LiveReload server is running on port 35729
2025-03-05 22:45:55 [restartedMain] INFO  o.s.b.w.e.tomcat.TomcatWebServer - Tomcat started on port 8080 (http) with context path '/'
2025-03-05 22:46:00 [http-nio-8080-exec-4] INFO  o.s.web.servlet.DispatcherServlet - Initializing Servlet 'dispatcherServlet'
2025-03-05 22:46:00 [http-nio-8080-exec-4] INFO  o.s.web.servlet.DispatcherServlet - Completed initialization in 0 ms
2025-03-05 23:07:27 [SpringApplicationShutdownHook] INFO  o.s.b.w.e.tomcat.GracefulShutdown - Commencing graceful shutdown. Waiting for active requests to complete
2025-03-05 23:07:27 [tomcat-shutdown] INFO  o.s.b.w.e.tomcat.GracefulShutdown - Graceful shutdown complete
2025-03-05 23:07:27 [SpringApplicationShutdownHook] INFO  o.s.o.j.LocalContainerEntityManagerFactoryBean - Closing JPA EntityManagerFactory for persistence unit 'default'
2025-03-05 23:07:54 [background-preinit] INFO  o.h.validator.internal.util.Version - HV000001: Hibernate Validator 8.0.2.Final
2025-03-05 23:07:55 [restartedMain] INFO  o.s.b.d.e.DevToolsPropertyDefaultsPostProcessor - Devtools property defaults active! Set 'spring.devtools.add-properties' to 'false' to disable
2025-03-05 23:07:55 [restartedMain] INFO  o.s.b.d.e.DevToolsPropertyDefaultsPostProcessor - For additional web related logging consider setting the 'logging.level.web' property to 'DEBUG'
2025-03-05 23:07:59 [restartedMain] INFO  o.s.d.r.c.RepositoryConfigurationDelegate - Bootstrapping Spring Data JPA repositories in DEFAULT mode.
2025-03-05 23:07:59 [restartedMain] INFO  o.s.d.r.c.RepositoryConfigurationDelegate - Finished Spring Data repository scanning in 157 ms. Found 6 JPA repository interfaces.
2025-03-05 23:08:00 [restartedMain] INFO  o.s.b.w.e.tomcat.TomcatWebServer - Tomcat initialized with port 8080 (http)
2025-03-05 23:08:00 [restartedMain] INFO  o.s.b.w.s.c.ServletWebServerApplicationContext - Root WebApplicationContext: initialization completed in 5491 ms
2025-03-05 23:08:01 [restartedMain] INFO  o.h.jpa.internal.util.LogHelper - HHH000204: Processing PersistenceUnitInfo [name: default]
2025-03-05 23:08:01 [restartedMain] INFO  org.hibernate.Version - HHH000412: Hibernate ORM core version 6.6.5.Final
2025-03-05 23:08:01 [restartedMain] INFO  o.h.c.i.RegionFactoryInitiator - HHH000026: Second-level cache disabled
2025-03-05 23:08:01 [restartedMain] INFO  o.s.o.j.p.SpringPersistenceUnitInfo - No LoadTimeWeaver setup: ignoring JPA class transformer
2025-03-05 23:08:02 [restartedMain] WARN  org.hibernate.orm.deprecation - HHH90000025: PostgreSQLDialect does not need to be specified explicitly using 'hibernate.dialect' (remove the property setting and it will be selected by default)
2025-03-05 23:08:02 [restartedMain] INFO  o.hibernate.orm.connections.pooling - HHH10001005: Database info:
	Database JDBC URL [Connecting through datasource 'HikariDataSource (HikariPool-1)']
	Database driver: undefined/unknown
	Database version: 16.1
	Autocommit mode: undefined/unknown
	Isolation level: undefined/unknown
	Minimum pool size: undefined/unknown
	Maximum pool size: undefined/unknown
2025-03-05 23:08:02 [restartedMain] INFO  o.h.id.enhanced.TableGenerator - HHH000398: Explicit segment value for id generator [hibernate_sequences.sequence_name] suggested; using default [default]
2025-03-05 23:08:03 [restartedMain] INFO  o.h.e.t.j.p.i.JtaPlatformInitiator - HHH000489: No JTA platform available (set 'hibernate.transaction.jta.platform' to enable JTA platform integration)
2025-03-05 23:08:04 [restartedMain] INFO  o.s.o.j.LocalContainerEntityManagerFactoryBean - Initialized JPA EntityManagerFactory for persistence unit 'default'
2025-03-05 23:08:05 [restartedMain] WARN  o.s.b.a.o.j.JpaBaseConfiguration$JpaWebConfiguration - spring.jpa.open-in-view is enabled by default. Therefore, database queries may be performed during view rendering. Explicitly configure spring.jpa.open-in-view to disable this warning
2025-03-05 23:08:05 [restartedMain] INFO  o.s.s.p.JdbcUserDetailsManager - No authentication manager set. Reauthentication of users when changing passwords will not be performed.
2025-03-05 23:08:05 [restartedMain] INFO  o.s.s.c.a.a.c.InitializeUserDetailsBeanManagerConfigurer$InitializeUserDetailsManagerConfigurer - Global AuthenticationManager configured with UserDetailsService bean with name userDetailsManager
2025-03-05 23:08:06 [restartedMain] INFO  o.s.b.d.a.OptionalLiveReloadServer - LiveReload server is running on port 35729
2025-03-05 23:08:06 [restartedMain] INFO  o.s.b.w.e.tomcat.TomcatWebServer - Tomcat started on port 8080 (http) with context path '/'
2025-03-05 23:08:20 [http-nio-8080-exec-1] INFO  o.s.web.servlet.DispatcherServlet - Initializing Servlet 'dispatcherServlet'
2025-03-05 23:08:20 [http-nio-8080-exec-1] INFO  o.s.web.servlet.DispatcherServlet - Completed initialization in 0 ms
